
000162828026017851
000119312526106682
000119312526106681
000119312526106680
000184918126000001
000187277226000002
000146280826000001
000129419226000001
000124684226000001
000196908226000003
000180066826000001
000092189526000689
000195917326002328
000195917326002327
000197337926000112
000197337926000111
000197337926000110
000197337926000109
000197337926000108
000197337926000107
000197337926000106
000195917326002326
000094787126000246
000195917326002325
000197337926000105
000126310526000002
000197337926000104
000197337926000103
000195004726002602
000197337926000102
000195917326002324
000195917326002323
000195917326002322
000195917326002321
000195917326002320
000196922326000348
000162828026017762
000196430626000173
000195824426000143
000195917326002319
000196430626000172
000195917326002318
000162828026017745
000195917326002317
000195004726002600
000195004726002599
000162828026017742
000162828026017740
000195004726002598
000195004726002597
000110465926027859
000197640826000125
000197640826000123
000197337926000113
000195917326002329
000194984626000177
000162828026017948
000162828026017947
000162828026017946
000197005126000009
000197005126000008
000197005126000007
000197005126000006
000195917326002335
000195917326002334
000195917326002333
000195917326002332
000195917326002331
000195917326002330
000197407826000113
000196530126000035
000195917326002346
000195917326002345
000195917326002344
000195917326002343
000195917326002342
000195917326002341
000194984626000178
000195917326002340
000195917326002339
000195917326002338
000195917326002337
000195917326002336
000178954326000004
000195779926000037
000195917326002348
000197337926000114
000195917326002347
000162828026018030
000195779926000036
000195779926000035
000195917326002350
000169556626000003
000196922326000349
000195917326002349
000076490026000012
000195917326002370
000195917326002369
000195917326002368
000195917326002367
000195917326002366
000195917326002365
000195917326002364
000195917326002363
000195917326002362
000195917326002361
000195917326002360
000195917326002359
000195917326002358
000195917326002357
000195917326002356
000195917326002355
000195917326002354
000195917326002353
000195917326002352
000076490026000014
000162828026018087
000195917326002351
000162828026018080
000196922326000350
000195004726002637
000195779926000038
000197372726000007
000195917326002385
000195004726002636
000195004726002635
000196922326000354
000195824426000145
000196922326000353
000197407826000118
000195917326002384
000195917326002383
000195004726002634
000195004726002633
000197449426000136
000195004726002632
000195004726002631
000195824426000144
000162828026018178
000195004726002630
000165495426002302
000195004726002629
000195917326002382
000195004726002628
000195917326002381
000195004726002627
000195004726002626
000162828026018168
000192109426000324
000192109426000323
000195004726002625
000196858226000286
000192109426000322
000195004726002624
000195004726002623
000195004726002622
000197407826000117
000192109426000321
000195004726002621
000195917326002380
000192109426000320
000195004726002620
000196922326000352
000195004726002619
000192109426000319
000195004726002618
000195004726002617
000195004726002616
000192109426000318
000196858226000285
000196858226000288
000192109426000329
000192109426000328
000195004726002687
000192109426000327
000195004726002686
000197248126000109
000192109426000326
000192109426000325
000195004726002685
000196858226000287
000201462026000003
000195004726002684
000197407826000120
000197248126000108
000162828026018241
000162828026018240
000195004726002683
000197248126000107
000197407826000119
000197248126000106
000195004726002682
000105535226000005
000195004726002681
000162828026018237
000196922326000358
000195004726002680
000196922326000357
000195004726002679
000195004726002678
000195004726002677
000195004726002676
000195917326002390
000195004726002675
000197248126000104
000195004726002674
000195004726002673
000195004726002672
000195004726002671
000195004726002670
000195004726002669
000195004726002668
000195004726002667
000195004726002666
000195917326002389
000195004726002665
000195004726002664
000195004726002663
000195917326002388
000195004726002662
000195824426000151
000195004726002691
000195724426000005
000162828026018285
000195824426000150
000195824426000149
000195824426000148
000195824426000147
000195004726002690
000195824426000146
000149315226010328
000196858226000289
000095010326003839
000196922326000359
000195004726002689
000196858226000291
000196858226000290
000162828026018318
000162828026018313
000195004726002692
000181984826000206
000114036126009656
000119312526108831
000184200226000012
000201632926000002
000195004726002693
000178066226000008
000178066426000010
000178085126000009
000178064926000009
000205791826000004
000161102426000003
000122784726000003
000162828026018373
000162828026018371
000162828026018369
000162828026018368
000162828026018366
000162828026018364
000162828026018362
000182088526000006
000207666826000009
000178085426000006
000197640826000175
000197640826000178
000197640826000177
000197640826000179
000197640826000180
000195917326002392
000195917326002391
000195917326002394
000195917326002393
000195917326002397
000195917326002396
000195917326002395
000195917326002401
000195917326002400
000195917326002399
000195917326002398
000195917326002403
000195917326002402
000195917326002404
000195917326002406
000195917326002405
000195917326002409
000195917326002408
000195917326002407
000162828026018548
000195917326002411
000195917326002410
000195917326002414
000195917326002413
000195917326002412
000195917326002418
000195917326002417
000195917326002416
000195917326002415
000195917326002419
000162828026018578
000195917326002420
000110465926029300
000196530126000036
000195917326002421
000195917326002422
000195917326002425
000195917326002424
000195917326002423
000197407826000121
000076490026000016
000162828026018641
000195917326002427
000195917326002426
000195917326002429
000196922326000361
000194984626000180
000196922326000360
000195917326002428
000195917326002436
000195917326002435
000196922326000362
000195917326002434
000195917326002433
000195917326002432
000195917326002431
000195917326002430
000195004726002711
000196922326000364
000195917326002441
000195004726002710
000195004726002709
000195917326002440
000195004726002708
000195004726002707
000195917326002439
000195004726002706
000195004726002705
000197337926000115
000195004726002704
000195004726002703
000195917326002438
000195004726002702
000195004726002701
000197248126000111
000195004726002700
000197248126000110
000195917326002437
000196922326000363
000195004726002698
000195004726002697
000195004726002727
000195004726002726
000195004726002725
000195917326002447
000192109426000330
000195917326002446
000195004726002724
000195004726002723
000195917326002445
000195917326002444
000195004726002722
000195004726002721
000195004726002720
000195004726002719
000195004726002718
000195004726002717
000195004726002716
000195917326002443
000195004726002715
000195004726002713
000195004726002714
000195004726002712
000196530126000037
000196922326000365
000195917326002442
000197337926000116
000195004726002748
000195004726002747
000195004726002746
000195004726002745
000195004726002744
000195004726002743
000195004726002742
000195004726002741
000195004726002740
000195004726002739
000195917326002450
000195004726002738
000195004726002737
000195004726002736
000195004726002735
000196530126000038
000196922326000366
000192109426000334
000195004726002734
000195004726002733
000192109426000333
000195004726002732
000195824426000152
000192109426000332
000195917326002449
000192109426000331
000100027526000032
000195004726002731
000195004726002730
000195004726002729
000195917326002448
000195004726002728
000192109426000337
000192109426000336
000162828026018851
000196922326000367
000192109426000335
000195917326002451
000196858226000293
000195004726002749
000162828026018834
000196922326000368
000162828026018875
000195004726002751
000162828026018866
000162828026018865
000104216726000028
000196430626000176
000196430626000175
000001179026000006
000196430626000174
000192109426000338
000195004726002752
000196430626000180
000196858226000294
000196430626000179
000195824426000153
000149315226010611
000137916026000010
000195824426000156
000195824426000155
000162828026018926
000195824426000154
000162828026018919
000195004726002753
000122784726000004
000162828026018955
000196430626000183
000195824426000157
000196430626000182
000165013126000009
000197420026000007
000196858226000295
000161474026000008
000171368326000050
000187389326000002
000119735026000005
000167013826000004
000149615226000002
000158625326000002
000191738926000002
000180571926000008
000178499626000025
000162828026018979
000171368326000053
000196858226000299
000196858226000298
000196858226000297
000196858226000296
000196858226000300
000171368326000056
000119312526111542
000119312526111540
000119312526111549
000119312526111546
000209312126000002
000171368326000059
000170972326000003
000195831826000003
000171368326000057
000119312526111556
000196858226000301
000171368326000064
000171368326000062
000197640826000212
000197640826000211
000197640826000210
000173839626000001
000197337926000117
000197337926000119
000197337926000118
000195917326002453
000195917326002452
000195917326002454
000162828026019109
000197640826000218
000195917326002455
000194984626000181
000195917326002458
000195917326002457
000195917326002456
000195917326002459
000194984626000182
000195917326002460
000104595726000001
000162828026019236
000139707626000004
000001179026000007
000195917326002461
000178427726000003
000100027526000033
000195917326002462
000195917326002463
000143774926008814
000197449426000139
000195917326002477
000195917326002476
000195917326002475
000195917326002474
000195917326002473
000195917326002472
000195917326002471
000195917326002470
000195917326002469
000195917326002468
000195917326002467
000195917326002466
000195917326002465
000195917326002464
000197337926000120
000195917326002483
000195917326002482
000195004726002760
000195917326002481
000195917326002480
000195917326002479
000197337926000121
000195917326002478
000196922326000369
000192109426000342
000192109426000341
000192109426000340
000192109426000339
000196794026000008
000195004726002783
000195004726002782
000195004726002781
000195004726002780
000196922326000370
000195004726002779
000195004726002778
000195004726002777
000195004726002776
000195917326002487
000195004726002775
000195004726002774
000195004726002772
000195004726002773
000195004726002771
000195004726002770
000195004726002769
000195004726002768
000195004726002767
000195004726002766
000195004726002765
000195004726002764
000162828026019426
000195004726002763
000195917326002486
000195917326002485
000195917326002484
000195004726002762
000195004726002761
000196922326000372
000195004726002804
000195917326002489
000195004726002803
000195004726002802
000195004726002801
000195004726002800
000196922326000371
000195917326002488
000195004726002799
000195004726002798
000195004726002797
000195004726002796
000195004726002795
000195004726002794
000195004726002793
000195004726002792
000195004726002791
000195004726002790
000195004726002789
000195004726002788
000195004726002787
000195004726002786
000195004726002785
000195004726002784
000195004726002808
000195917326002490
000195004726002806
000162828026019465
000162828026019464
000195004726002805
000197407826000122
000195824426000164
000195824426000163
000195824426000162
000195824426000161
000195824426000160
000195824426000159
000195824426000158
000189106126000006
000189186226000003
000189119726000003
000210445626000008
000189268226000008
000196858226000302
000162828026019577
000196858226000303
000168316826001994
000110465926031478
000119312526114732
000119312526114727
000181001926000017
000119312526114725
000181001926000016
000119312526114745
000119312526114737
000197337926000122
000110465926031744
000195917326002492
000195917326002491
000194984626000183
000195917326002493
000195917326002495
000195917326002494
000195917326002496
000195917326002497
000195917326002498
000195917326002499
000195917326002501
000195917326002500
000162828026019716
000195917326002503
000195917326002502
000196922326000373
000162828026019727
000195917326002504
000195917326002505
000195917326002506
000195917326002507
000195779926000040
000195917326002509
000195917326002508
000195917326002511
000197407826000124
000195917326002510
000197337926000123
000197407826000125
000195917326002513
000195004726002822
000195004726002821
000196858226000304
000195004726002820
000195917326002512
000195004726002819
000195004726002818
000162828026019797
000195004726002817
000196922326000374
000195004726002816
000195004726002815
000195004726002814
000195004726002813
000197248126000114
000197248126000113
000197248126000112
000195004726002845
000196922326000375
000197407826000126
000195917326002518
000195004726002844
000195004726002843
000195004726002842
000195917326002517
000195004726002840
000195917326002516
000195004726002839
000195004726002838
000195917326002515
000195004726002837
000195004726002836
000195004726002835
000195004726002834
000195004726002833
000195004726002832
000195004726002831
000195004726002830
000195004726002829
000195004726002828
000195004726002827
000195004726002825
000195004726002826
000195004726002824
000192109426000343
000195004726002823
000195917326002514
000195917326002522
000195917326002521
000195917326002520
000001179026000008
000195004726002846
000162828026019843
000195917326002519
000162828026019867
000196858226000305
000195004726002847
000196922326000376
000162828026019854
000122784726000005
000195824426000167
000195824426000166
000195824426000165
000195917326002524
000119131026000008
000195917326002523
000192109426000344
000188358126000003
000162828026019927
000121390026031998
000109690626000354
000208598926000001
000110465926032318
000110465926032355
000197337926000124
000110465926032412
000195917326002527
000195917326002526
000195917326002525
000194984626000184
000194984626000185
000195917326002528
000195917326002529
000194984626000186
000100027526000034
000194984626000187
000090266426001714
000195917326002531
000195917326002530
000195917326002535
000195917326002534
000195917326002533
000195917326002532
000195917326002544
000195917326002543
000195917326002542
000195917326002541
000195917326002540
000195917326002539
000195917326002538
000195917326002537
000195917326002536
000195917326002548
000195917326002547
000195917326002546
000195917326002545
000196922326000377
000192048126000001
000195917326002550
000196922326000379
000195004726002859
000192047526000001
000196922326000378
000195004726002858
000195004726002857
000192109426000346
000192109426000345
000195004726002856
000195917326002549
000195004726002854
000195004726002853
000191799226000001
000191799526000001
000195004726002860
000196858226000308
000195004726002876
000195004726002875
000195004726002874
000195004726002873
000195004726002872
000195004726002871
000195004726002870
000195004726002869
000196272626000002
000195004726002868
000207974626000002
000195004726002867
000195004726002866
000195004726002865
000196273126000005
000195004726002864
000196273226000002
000195004726002863
000195004726002862
000195004726002861
000162828026020204
000209321426000007
000162828026020203
000192164026000001
000196273026000002
000196922326000380
000197415826000024
000195004726002877
000001179026000009
000195004726002881
000195004726002880
000195004726002879
000162828026020237
000196922326000381
000195824426000169
000195824426000168
000195004726002882
000148128626000016
000209726526000014
000197407826000128
000162828026020265
000162828026020259
000162828026020268
000162828026020267
000162828026020272
000092189526000760
000119312526118079
000119312526118077
000119312526118074
000119312526118072
000119312526118085
000155485526000380
000155485526000379
000155485526000375
000155485526000374
000208507726000008
000208510526000003
000185373026000001
000197640826000269
000195917326002552
000195917326002551
000195917326002554
000195917326002553
000195917326002555
000194984626000188
000162828026020385
000195917326002557
000195917326002556
000194984626000189
000194984626000190
000195917326002558
000162828026020444
000195917326002559
000175021926000001
000195917326002560
000195917326002561
000197407826000129
000195917326002562
000195917326002563
000195917326002564
000197372726000008
000152013826000079
000196922326000382
000195004726002897
000195004726002896
000195917326002565
000195004726002895
000195004726002894
000195004726002893
000192109426000347
000195004726002892
000196922326000383
000195004726002891
000195004726002890
000195004726002889
000195004726002888
000195004726002886
000162828026020487
000195779926000041
000195917326002569
000196858226000310
000195004726002898
000195917326002568
000195917326002567
000010362326000009
000195917326002566
000195917326002574
000195824426000170
000195917326002573
000195917326002572
000162828026020559
000195004726002923
000195004726002922
000195004726002921
000195004726002920
000195004726002919
000195004726002918
000195004726002917
000195004726002916
000195004726002915
000195004726002914
000195004726002913
000195004726002912
000195004726002911
000195004726002910
000195917326002571
000195004726002909
000195004726002908
000195004726002907
000195004726002906
000195004726002905
000195004726002904
000195004726002903
000195004726002902
000195004726002901
000195004726002900
000196858226000311
000195917326002570
000195004726002899
000195917326002578
000195004726002926
000195917326002577
000195917326002576
000197248126000115
000195004726002925
000162828026020563
000195917326002575
000195004726002924
000121390026033002
000195917326002581
000195917326002580
000195917326002579
000195004726002927
000172682526000004
000196922326000384
000195917326002583
000195917326002582
000095010326004530
000195004726002929
000196922326000385
000197407826000130
000162828026020619
000149315226012213
000149315226012214
000196858226000312
000184623926000003
000119312526120188
000119312526120185
000119312526120212
000119312526120206
000119312526120197
000095010326004536
000207871026000003
000203796626000002
000201420426000004
000200112326000003
000197640826000281
000203294726000001
000185691226000001
000155773626000001
000150503426000001
000197640826000282
000195917326002584
000195917326002585
000197449426000140
000195917326002586
000194984626000191
000195917326002587
000195917326002588
000195917326002589
000195917326002590
000195917326002591
000196922326000387
000195917326002592
000196922326000388
000195917326002593
000195917326002595
000195917326002594
000195779926000042
000195917326002596
000195917326002597
000195004726002967
000195004726002966
000195004726002965
000195004726002964
000195004726002963
000195004726002962
000195917326002600
000195004726002961
000195004726002960
000195004726002959
000195004726002958
000195917326002599
000196922326000390
000196922326000391
000195004726002957
000195004726002956
000197415826000025
000196858226000315
000195004726002955
000195917326002598
000195004726002954
000195004726002953
000195004726002952
000195004726002951
000196858226000313
000195004726002950
000195004726002949
000195004726002948
000196922326000389
000195004726002947
000195004726002946
000195004726002945
000195004726002944
000195004726002943
000195004726002942
000195004726002941
000195004726002940
000195004726002939
000195004726002938
000195004726002937
000195004726002935
000195004726002934
000192109426000348
000195004726002933
000162828026020833
000162828026020832
000197248126000116
000195004726002969
000192109426000349
000162828026020830
000162828026020826
000195917326002602
000195824426000171
000162828026020825
000162828026020824
000196922326000393
000196922326000394
000196922326000392
000195917326002601
000195004726002968
000196858226000316
000195917326002603
000196430626000184
000196858226000318
000196858226000321
000202022026000008
000196858226000319
000201914326000005
000208393826000002
000167860426000009
000103047126000004
000197640826000285
000195917326002604
000195917326002605
000195917326002606
000197309726000009
000194984626000192
000195917326002607
000195917326002608
000162828026020980
000195917326002609
000195779926000043
000195917326002611
000197407826000132
000195917326002610
000195917326002615
000195917326002614
000195917326002613
000195917326002612
000195917326002619
000076490026000017
000195917326002618
000195917326002617
000195917326002616
000195917326002621
000194984626000193
000195917326002620
000197325126000010
000195917326002626
000195004726002983
000195917326002625
000195004726002982
000195004726002981
000195004726002980
000195004726002979
000195004726002978
000192109426000350
000195004726002977
000195004726002976
000195004726002975
000195917326002624
000195917326002623
000196922326000395
000195917326002622
000195917326002629
000197415826000026
000196430626000185
000195004726003002
000195004726003001
000162828026021042
000195004726003000
000195004726002999
000195004726002998
000195004726002997
000195004726002996
000195004726002995
000195917326002628
000192109426000351
000195004726002994
000195004726002993
000195004726002992
000195824426000172
000195004726002991
000123156526000003
000195004726002990
000079436726000010
000195004726002989
000195004726002988
000195004726002987
000195004726002986
000195004726002985
000079436726000009
000195004726002984
000079436726000008
000195917326002627
000162828026021032
000195917326002631
000194984626000194
000162828026021051
000162828026021050
000162828026021049
000110465926034561
000110465926034558
000196430626000186
000195917326002630
000196858226000323
000196922326000397
000196922326000396
000195917326002632
000197415826000027
000195004726003007
000162828026021092
000195004726003006
000195004726003005
000195004726003004
000119312526124509
000110465926034711
000196858226000325
000197372726000009
000197372726000012
000197372726000011
000162828026021150
000197372726000010
000110465926034758
000110465926034767
000162828026021238
000195917326002633
000172786226000002
000195917326002634
000197640826000292
000162828026021305
000195917326002635
000123292526000001
000182372026000005
000195917326002636
000162828026021392
000195004726003025
000195004726003024
000195917326002638
000195004726003023
000195004726003022
000195917326002637
000195004726003021
000196922326000398
000195004726003020
000195004726003019
000195004726003018
000195004726003017
000195004726003016
000195004726003015
000192109426000352
000195004726003014
000195004726003013
000195004726003011
000196430626000188
000196858226000327
000195917326002641
000196430626000187
000195004726003030
000195004726003029
000195004726003028
000195004726003027
000196922326000400
000196922326000399
000195917326002640
000195917326002639
000195004726003026
000010416926000063
000196858226000329
000196858226000328
000195004726003031
000197415826000028
000162828026021494
000195824426000175
000195824426000174
000195824426000173
000196858226000331
000196858226000334
000155485526000417
000212450926000002
000119312526126907
000195917326002642
000197640826000295
000195917326002643
000110465926035769
000195917326002645
000195917326002644
000195917326002647
000195917326002646
000195917326002648
000195917326002649
000162828026021637
000195917326002650
000100027526000035
000195917326002651
000195917326002653
000195917326002652
000195917326002654
000196922326000401
000162828026021686
000196858226000336
000162828026021735
000195004726003041
000195004726003040
000195004726003039
000162828026021712
000195004726003037
000192109426000353
000195004726003036
000195004726003046
000079436726000016
000195004726003045
000196922326000402
000195824426000176
000079436726000015
000195004726003044
000197415826000029
000079436726000014
000195004726003043
000195004726003042
000196430626000189
000195917326002655
000184933426000002
000119312526129232
000195004726003048
000119312526129215
000195004726003047
000079436726000017
000119312526129248
000195004726003050
000195004726003051
000095010326004816
000196858226000337
000162828026021805
000197234126000004
000197337926000126
000197337926000125
000197337926000127
000197337926000128
000197337926000130
000197337926000129
000197337926000132
000197337926000131
000195917326002660
000195917326002659
000195917326002658
000195917326002657
000195917326002656
000165495426002943
000195917326002662
000195917326002661
000162828026021928
000195779926000044
000194984626000195
000127202026000001
000195917326002664
000195917326002663
000162828026021988
000197449426000142
000196922326000403
000195004726003060
000195004726003059
000195004726003058
000195004726003057
000192109426000354
000197337926000134
000197337926000133
000197415826000030
000110465926036898
000119312526132043
000119312526132032
000119312526132020
000119312526132012
000119312526132009
000119312526132000
000195824426000179
000195824426000178
000195824426000177
000195004726003080
000196858226000339
000195917326002665
000119312526131877
000162828026022037
000195004726003079
000195004726003078
000195004726003077
000195004726003075
000195004726003076
000195004726003074
000195004726003073
000195004726003072
000195004726003071
000195004726003070
000195004726003068
000195004726003069
000195971326000013
000162828026022033
000195004726003065
000195004726003064
000195004726003063
000196430626000190
000195004726003062
000195004726003061
000197248126000120
000196858226000341
000196858226000340
000197248126000119
000195004726003083
000079436726000023
000195004726003084
000079436726000022
000079436726000021
000079436726000020
000079436726000019
000195824426000182
000146555626000002
000162828026022146
000109690626000411
000092189526000839
000197640826000303
000197337926000136
000197337926000135
000173839626000002
000173839626000005
000173839626000004
000195917326002666
000195917326002667
000195917326002668
000170991426000010
000195917326002669
000162828026022302
000195917326002670
000162828026022300
000162828026022298
000162828026022295
000194984626000196
000165495426003055
000162828026022335
000195917326002671
000195917326002672
000195917326002674
000195971326000014
000195917326002673
000192109426000356
000192109426000355
000119312526134691
000197415826000031
000195004726003102
000195004726003101
000196430626000195
000195004726003100
000195004726003099
000195004726003098
000195004726003097
000195004726003096
000119312526134661
000195917326002675
000195004726003095
000195004726003094
000195004726003093
000195004726003092
000195004726003091
000119312526134643
000195004726003090
000196430626000192
000196922326000404
000195004726003089
000196430626000191
000195824426000183
000192109426000357
000197248126000122
000197415826000032
000197449426000144
000197248126000121
000119312526134721
000162363226000481
000162363226000480
000162363226000479
000195917326002676
000195004726003103
000192109426000358
000195004726003105
000162828026022491
000162828026022486
000197248126000123
000196858226000343
000197407826000133
000199652726000004
000162828026022516
000146555626000003
000197640826000306
000192063426000006
000201421526000006
000199899626000006
000094787126000370
000110465926038058
000092189526000859
000205806726000003
000205804826000005
000205810326000010
000205803726000002
000205805626000007
000205803826000007
000090266426001814
000197640826000308
000149315226014542
000195917326002677
000197636326000013
000197636326000012
000195917326002688
000195917326002687
000195917326002686
000195917326002685
000195917326002684
000162828026022647
000194984626000197
000195917326002683
000195917326002682
000195917326002681
000195917326002680
000195917326002679
000195917326002678
000197636326000014
000195917326002689
000195917326002690
000195917326002692
000195917326002691
000195917326002698
000195917326002697
000195917326002696
000195917326002695
000197449426000146
000195917326002694
000195917326002693
000195917326002701
000162828026022696
000195917326002700
000195917326002699
000195917326002702
000165495426003179
000195917326002704
000195917326002703
000195917326002707
000195779926000045
000195917326002706
000162828026022734
000195917326002705
000182372026000007
000182372026000006
000076490026000018
000195917326002708
000196922326000405
000195917326002709
000195917326002712
000195917326002710
000195917326002711
000196530126000039
000196922326000406
000162828026022777
000195917326002713
000195917326002715
000195004726003131
000196430626000196
000195004726003130
000195004726003129
000196922326000412
000197248126000126
000195004726003128
000195004726003127
000079436726000031
000195004726003126
000196922326000411
000195917326002714
000079436726000030
000195004726003125
000196922326000410
000079436726000029
000162828026022795
000195004726003124
000196922326000409
000195004726003123
000196922326000408
000195004726003122
000195004726003121
000195004726003120
000195004726003119
000195004726003118
000197248126000124
000195004726003117
000195004726003116
000196922326000407
000195004726003115
000195004726003114
000195004726003113
000195004726003112
000162828026022784
000195004726003111
000196858226000345
000162828026022781
000195004726003133
000195917326002717
000195004726003132
000196922326000414
000195917326002716
000162828026022810
000196922326000413
000195004726003162
000195004726003161
000195004726003160
000192109426000361
000195004726003159
000195004726003158
000195004726003157
000195004726003156
000195004726003155
000195004726003154
000162828026022836
000195917326002719
000195004726003153
000192109426000360
000119312526138078
000195004726003152
000195004726003151
000192109426000359
000195004726003150
000195004726003149
000195004726003148
000195004726003147
000195004726003146
000195004726003145
000195004726003144
000195004726003143
000195004726003142
000195004726003141
000195004726003139
000195004726003138
000195004726003136
000195004726003137
000195004726003135
000195917326002718
000195004726003134
000197415826000033
000195004726003177
000195824426000186
000195824426000185
000195824426000184
000119312526138133
000196858226000346
000162828026022844
000195004726003176
000195004726003175
000195004726003174
000195004726003173
000195004726003172
000195004726003171
000195004726003170
000195004726003169
000195004726003168
000195004726003167
000195917326002720
000195004726003166
000192109426000362
000195004726003165
000195004726003164
000195004726003163
000162828026022848
000195004726003187
000195004726003186
000195004726003185
000195004726003184
000195004726003183
000195004726003182
000195004726003181
000195004726003180
000195004726003179
000195004726003188
000162828026022862
000162828026022859
000200464526000009
000195824426000187
000197234126000005
000205791826000005
000199054726000007
000198100126000012
000197640826000309
000197640826000310
000183733626000005
000151518426000006
000197640826000312
000197640826000311
000209726526000019
000195917326002729
000195917326002728
000195917326002727
000195917326002726
000195917326002725
000195917326002724
000195917326002723
000195917326002722
000197640826000313
000195917326002721
000195917326002731
000195917326002730
000195917326002732
000195917326002734
000195917326002733
000197449426000148
000195917326002738
000195917326002737
000195917326002736
000195917326002735
000195917326002739
000197407826000134
000195917326002740
000195917326002744
000195917326002743
000195917326002742
000195917326002741
000195917326002749
000195917326002748
000195917326002747
000195917326002746
000195917326002745
000195917326002754
000195917326002753
000195917326002752
000195917326002751
000195917326002750
000195917326002756
000195917326002755
000195004726003200
000195004726003199
000195917326002758
000143922226000055
000195004726003198
000195004726003197
000196922326000420
000195917326002757
000143922226000054
000196922326000419
000197337926000137
000196922326000418
000196922326000417
000143922226000053
000195004726003196
000196922326000416
000143922226000052
000196922326000415
000192109426000364
000143922226000051
000192109426000363
000195004726003195
000143922226000050
000195004726003193
000195917326002764
000195917326002763
000197248126000127
000162828026023212
000195004726003217
000195917326002762
000195004726003216
000195004726003215
000195004726003214
000195004726003213
000195004726003212
000195004726003211
000195004726003210
000195004726003209
000195004726003208
000195004726003207
000195004726003206
000195004726003205
000195004726003204
000195004726003203
000195917326002761
000195917326002760
000195917326002759
000195004726003202
000195004726003201
000196858226000348
000195917326002770
000195917326002769
000196010526000013
000195917326002768
000195917326002767
000197248126000128
000195917326002766
000197407826000135
000195917326002765
000195917326002774
000195917326002773
000197248126000130
000195917326002772
000195917326002771
000197248126000129
000197407826000136
000161483826000008
000191631226000008
000197248126000131
000197337926000138
000195004726003219
000195824426000190
000195824426000189
000195824426000188
000197415826000034
000197248126000133
000197248126000132
000197248126000134
000197337926000139
000168305626000008
000181984826000236
000181984826000235
000181984826000234
000181984826000233
000181984826000232
000181984826000231
000181984826000230
000162828026023364
000162828026023363
000197407826000137
000110465926039325
000110465926039324
000199527526000005
000195917326002775
000197640826000314
000194700726000008
000195432726000006
000195917326002776
000195917326002782
000195917326002781
000195917326002780
000195917326002779
000195917326002778
000195917326002777
000194984626000198
000196922326000421
000195917326002786
000195917326002785
000195917326002784
000195917326002783
000195917326002790
000197325126000011
000195917326002789
000195917326002788
000195917326002787
000121390026040427
000195917326002791
000195917326002792
000195004726003235
000079436726000033
000195004726003234
000196430626000197
000195917326002795
000079436726000032
000196858226000352
000196858226000351
000195004726003233
000195004726003232
000195004726003231
000195917326002794
000192109426000370
000196922326000426
000192109426000369
000195917326002793
000195004726003230
000195004726003229
000196922326000425
000196922326000424
000192109426000368
000196922326000423
000196922326000422
000192109426000367
000195004726003228
000192109426000366
000192109426000365
000195004726003263
000195004726003262
000195004726003261
000195004726003260
000162828026023920
000195004726003259
000162828026023919
000195004726003258
000195004726003257
000195917326002800
000195004726003256
000195004726003255
000195004726003254
000195917326002799
000195004726003253
000195004726003252
000195004726003251
000195004726003250
000195004726003249
000195004726003248
000195004726003247
000195004726003246
000195004726003245
000195004726003244
000195004726003243
000195004726003242
000195004726003241
000195004726003240
000195004726003239
000195004726003238
000195004726003237
000195004726003236
000195917326002798
000079436726000036
000079436726000035
000196430626000198
000195917326002797
000079436726000034
000195917326002796
000162828026023928
000195917326002801
000195004726003276
000195004726003275
000195004726003274
000195004726003273
000195004726003272
000195004726003271
000195004726003270
000195004726003269
000195004726003268
000195004726003267
000195004726003266
000195004726003265
000195004726003264
000192109426000372
000195917326002802
000192109426000371
000162828026023930
000162828026023929
000192109426000376
000192109426000375
000192109426000374
000195004726003278
000192109426000373
000195824426000197
000195824426000196
000195824426000195
000195824426000194
000195824426000193
000195824426000192
000195824426000191
000192109426000378
000192109426000377
000195004726003279
000197415826000035
000195824426000198
000162828026023972
000162828026023967
000162828026023965
000162828026023963
000197640826000318
000197640826000319
000197337926000142
000197337926000141
000197337926000140
000197337926000143
000195917326002807
000195917326002806
000195917326002805
000195917326002804
000195917326002803
000195917326002808
000197407826000138
000197325126000012
000195917326002809
000195917326002812
000195917326002811
000195917326002810
000195917326002814
000195917326002813
000195917326002815
000196922326000427
000193473726000002
000195917326002818
000195917326002819
000195004726003288
000195917326002817
000195004726003287
000195004726003286
000195004726003285
000195004726003284
000195917326002816
000192109426000380
000192109426000379
000195004726003296
000196010526000014
000195004726003295
000195004726003294
000195004726003293
000195004726003292
000195004726003291
000195004726003290
000195004726003289
000196922326000428
000195917326002821
000195917326002820
000195004726003299
000195004726003298
000195004726003297
000197415826000036
000195004726003301
000162828026024110
000143774926011632
000205835726000014
000205244426000016
000182048226000015
000127971426000012
000178688326000014
000172249826000016
000094787126000413
000200101126000044
000200101126000043
000200101126000041
000183733626000009
000151518426000010
000195432726000008
000165495426003335
000189268226000010
000121390026041295
000144554626002632
000195917326002825
000195917326002824
000162828026024165
000195917326002823
000195917326002822
000195917326002826
000195917326002827
000162828026024185
000195917326002828
000195917326002829
000195917326002830
000195917326002833
000195917326002832
000195917326002831
000195917326002836
000195917326002835
000195917326002834
000194984626000199
000195779926000046
000197449426000149
000195917326002839
000195917326002838
000195004726003311
000195004726003310
000195917326002837
000195004726003309
000195004726003308
000195004726003307
000195004726003306
000196922326000429
000192109426000382
000192109426000381
000169929326000002
000195917326002841
000195004726003313
000195004726003312
000195917326002840
000192109426000384
000195917326002842
000192109426000383
000195004726003336
000195004726003335
000195004726003334
000195004726003333
000195004726003332
000195004726003331
000195004726003330
000195004726003329
000195004726003328
000195004726003327
000196922326000430
000195004726003326
000195004726003325
000195004726003324
000195004726003323
000195004726003322
000195004726003321
000195004726003320
000195004726003319
000195004726003318
000195004726003317
000195004726003316
000195004726003315
000195004726003314
000195824426000202
000195824426000201
000195824426000200
000195824426000199
000197415826000037
000195004726003337
000196922326000432
000196922326000431
000195004726003339
000197415826000038
000163868326000008
000119312526147863
000171553726000008
000196922326000435
000196922326000434
000168305626000012
000201611626000008
000196922326000433
000191631226000012
000195004726003340
000196922326000436
000161483826000012
000162828026024297
000205835726000016
000205244426000018
000162828026024296
000182048226000017
000127971426000014
000178688326000016
000172249826000018
000162828026024298
000181984826000276
000181984826000275
000181984826000274
000181984826000273
000181984826000272
000181984826000271
000181984826000270
000107984726000006
000094787126000417
000195917326002844
000195917326002843
000162828026024374
000194984626000200
000195917326002846
000162828026024378
000195917326002845
000196922326000437
000197449426000151
000195917326002847
000195917326002849
000195917326002848
000194984626000201
000195917326002852
000194984626000202
000195917326002851
000195917326002850
000195917326002853
000010362326000010
000195004726003348
000195004726003347
000195004726003346
000192109426000387
000192109426000386
000195917326002854
000196922326000438
000192109426000385
000119312526149706
000196430626000200
000196430626000199
000195004726003360
000195004726003359
000195004726003358
000162828026024483
000195004726003357
000195004726003356
000195004726003355
000195004726003354
000195004726003353
000195004726003352
000195004726003351
000195004726003350
000195004726003349
000195917326002856
000195917326002855
000196858226000353
000196858226000356
000162828026024511
000162828026024510
000197415826000039
000094787126000420
000119312526149955
000094787126000423
000176652226000007
000199527526000011
000205835726000018
000205244426000020
000182048226000019
000127971426000016
000178688326000018
000172249826000020
000195917326002860
000195917326002859
000195917326002858
000195917326002857
000162828026024618
000196922326000439
000195917326002862
000195917326002861
000195917326002863
000195917326002865
000195917326002864
000178510026000002
000195917326002866
000197407826000139
000197337926000144
000195917326002868
000195917326002867
000195917326002870
000010362326000011
000195917326002869
000195917326002872
000195917326002871
000197415826000040
000196922326000440
000196922326000441
000196922326000442
000195004726003371
000195004726003370
000195917326002874
000195004726003369
000195004726003368
000192109426000389
000195004726003367
000194984626000203
000195004726003366
000192109426000388
000195917326002873
000195917326002876
000195917326002875
000162828026024700
000195004726003372
000195824426000204
000195004726003385
000195004726003384
000195004726003383
000162828026024719
000195004726003382
000195004726003381
000162828026024718
000195824426000203
000195004726003380
000195004726003379
000195004726003378
000195004726003377
000195004726003376
000195004726003375
000195004726003374
000195004726003373
000196922326000443
000192109426000390
000162828026024728
000196922326000444
000196922326000445
000197415826000041
000197550626000001
000197640826000324
000195917326002877
000195917326002879
000197337926000145
000211891126000003
000195917326002878
000195917326002880
000195917326002881
000197407826000140
000195917326002882
000195917326002884
000195917326002883
000195917326002886
000195917326002885
000162828026024873
000195917326002887
000195004726003394
000195004726003393
000195004726003392
000195004726003391
000192109426000395
000196922326000446
000192109426000394
000192109426000393
000192109426000392
000192109426000391
000195917326002888
000195917326002890
000196430626000202
000119312526152914
000196430626000201
000195917326002889
000195004726003390
000162828026024915
000151741326000116
000195004726003408
000195004726003407
000195004726003406
000195004726003405
000195004726003404
000195004726003403
000195004726003402
000195004726003401
000195004726003400
000195004726003399
000195004726003398
000195004726003397
000195004726003396
000195004726003395
000195917326002891
000195824426000205
000192109426000396
000162828026024917
000162828026024916
000195824426000206
000195004726003410
000104047026000090
000195824426000210
000195824426000209
000195824426000208
000195824426000207
000181984826000296
000181984826000295
000197415826000042
000094787126000429
000147793226002187
000149315226016415
000149315226016413
000119312526153378
000195917326002894
000195917326002893
000195917326002892
000197337926000146
000197449426000156
000195917326002895
000195917326002896
000195779926000047
000194984626000204
000195917326002897
000162081126000002
000195917326002898
000197449426000159
000194984626000205
000195917326002901
000195917326002900
000195917326002899
000197407826000141
000197407826000142
000194984626000206
000195004726003423
000195917326002904
000195917326002903
000195004726003422
000195004726003421
000195917326002902
000195004726003420
000195004726003419
000195004726003418
000195004726003416
000195004726003415
000195004726003414
000195004726003430
000195004726003429
000196430626000203
000195917326002906
000195917326002905
000195004726003428
000195004726003427
000195004726003426
000195004726003425
000195004726003424
000197415826000043
000195004726003456
000195004726003455
000195004726003454
000195004726003453
000195004726003452
000195004726003451
000195004726003450
000195004726003449
000195004726003448
000195004726003447
000195004726003446
000195004726003445
000195004726003444
000195004726003443
000195004726003442
000195004726003441
000195004726003440
000195004726003439
000195004726003438
000195004726003437
000195004726003436
000195004726003435
000195004726003434
000195004726003433
000195917326002907
000195004726003432
000195004726003431
000195004726003458
000195824426000214
000195824426000213
000195824426000212
000195824426000211
000195917326002909
000196922326000447
000195004726003457
000195917326002908
000195824426000215
000208970226000004
000162828026025115
000162828026025114
000162828026025112
000196723026000002
000176309526000002
000165495426003512
000195917326002910
000165495426003514
000149315226016628
000162828026025133
000119312526155628
000119312526155560
000119312526155537
000119312526155495
000197640826000339
000197640826000340
000211891126000004
000197640826000341
000195917326002913
000195917326002912
000195917326002911
000195917326002916
000195917326002915
000162828026025167
000195917326002914
000195724426000006
000195917326002917
000181039626000001
000197407826000143
000195917326002919
000162828026025221
000195917326002918
000169509026000001
000195917326002921
000195917326002920
000195917326002922
000195004726003481
000195004726003480
000100027526000036
000195004726003479
000197415826000047
000195004726003478
000195004726003477
000195004726003476
000197372726000016
000195917326002925
000196922326000450
000195004726003475
000197415826000046
000195004726003474
000195917326002924
000195004726003473
000195004726003472
000192109426000401
000195004726003471
000195004726003470
000195004726003469
000192109426000400
000197415826000044
000195004726003468
000195917326002923
000195004726003467
000192109426000399
000196922326000449
000195004726003466
000195004726003465
000192109426000398
000162828026025253
000192109426000397
000196922326000448
000195004726003464
000162828026025252
000162828026025251
000196794026000009
000197415826000049
000196430626000206
000089183626000031
000196430626000205
000195917326002927
000196430626000204
000197415826000048
000195004726003483
000195917326002926
000195004726003482
000195004726003504
000195004726003503
000195004726003502
000197415826000052
000195004726003501
000195004726003500
000195004726003499
000195004726003498
000195004726003497
000195004726003496
000195004726003495
000195004726003494
000195004726003493
000195004726003492
000195004726003491
000197248126000135
000195004726003490
000195004726003489
000195917326002928
000195004726003488
000195004726003487
000195004726003486
000195004726003485
000195004726003484
000197415826000051
000197415826000050
000162828026025263
000119534526000004
000195004726003534
000195004726003533
000195004726003532
000195004726003531
000195004726003530
000195004726003529
000195004726003528
000195004726003527
000195004726003526
000197415826000053
000195004726003525
000195004726003524
000195004726003523
000195004726003522
000195004726003521
000195004726003520
000195004726003519
000195004726003518
000195004726003517
000195004726003516
000162828026025281
000195004726003515
000162828026025280
000195004726003514
000195004726003513
000162828026025279
000195004726003512
000162828026025277
000195004726003511
000195004726003510
000195004726003509
000195004726003508
000195004726003507
000195004726003506
000195004726003505
000195917326002929
000162828026025291
000157139126000006
000196858226000357
000119312526157260
000197415826000054
000162828026025296
000119312526157249
000120295826000002
000196858226000359
000198158526000002
000195824426000220
000195824426000219
000195824426000218
000195824426000217
000195824426000216
000195004726003536
000177558426000005
000153964926000006
000156607926000006
000147344626000006
000143667726000006
000186398626000006
000158007526000004
000196858226000360
000119312526157536
000119312526157535
000119312526157534
000119312526157530
000119312526157526
000175415426000007
000197640826000342
000197640826000343
000206621326000004
000194984626000207
000195917326002933
000195917326002932
000195917326002931
000195917326002930
000195917326002934
000195917326002936
000195917326002935
000167100626000001
000195779926000048
000196922326000451
000195917326002941
000195917326002940
000195917326002939
000195917326002938
000195917326002937
000162828026025416
000162828026025446
000195917326002942
000195917326002945
000195917326002944
000194984626000209
000195917326002943
000195917326002947
000195917326002946
000195917326002949
000195917326002948
000195917326002952
000195917326002951
000195917326002950
000196922326000452
000195917326002955
000195004726003572
000195004726003571
000195004726003570
000195004726003569
000195004726003568
000195004726003567
000195004726003566
000195004726003565
000195004726003564
000195004726003563
000195004726003562
000195004726003561
000195004726003560
000195917326002954
000195004726003559
000195004726003558
000195004726003556
000195004726003557
000195004726003555
000195004726003554
000195004726003553
000195004726003552
000195004726003551
000195004726003550
000196922326000453
000195004726003549
000195004726003548
000195917326002953
000195004726003547
000195004726003546
000195004726003545
000195004726003544
000192109426000403
000195004726003543
000195004726003541
000195004726003540
000192109426000402
000010362326000012
000197337926000147
000195917326002956
000196430626000207
000162828026025510
000195004726003573
000195004726003577
000162828026025541
000162828026025540
000195824426000223
000195824426000222
000195824426000221
000196530126000040
000195004726003576
000162828026025530
000195004726003575
000195004726003574
000196858226000361
000162828026025547
000197415826000055
000119312526159370
000162828026025563
000119312526159365
000196530126000041
000119312526159361
000119312526159353
000197337926000148
000119312526159334
000010362326000013
000119312526159580
000087401526000164
000087401526000163
000087401526000162
000092189526001006
000119312526159948
000119312526159946
000147793226002343
000119312526159944
000119312526159940
000119312526159939
000119312526159934
000119312526159929
000119312526159928
000119312526159924
000140502626000028
000109690626000559
000119312526159826
000092189526001008
000092189526001007
000197640826000345
000195917326002957
000195917326002965
000195917326002964
000195917326002963
000195917326002962
000195917326002961
000179180026000004
000195917326002960
000148244226000004
000195917326002959
000195917326002958
000195917326002967
000162828026025635
000195917326002966
000194984626000210
000195917326002971
000195917326002970
000119312526160925
000195917326002969
000195917326002968
000162828026025661
000195917326002972
000194984626000211
000129281426002403
000195779926000049
000104287326000003
000195917326002973
000195917326002977
000195004726003594
000196858226000371
000196922326000455
000196922326000454
000195004726003593
000195004726003592
000195917326002976
000195917326002975
000195004726003591
000195004726003590
000195004726003589
000195004726003588
000195917326002974
000195004726003587
000195004726003586
000195004726003585
000196858226000370
000196530126000042
000195004726003584
000196858226000369
000196858226000368
000196858226000367
000196858226000366
000192109426000404
000197407826000144
000010362326000014
000195917326002979
000195917326002978
000196430626000208
000209699926000005
000121390026045166
000162828026025800
000143774926012696
000162828026025799
000196858226000372
000195004726003619
000195004726003618
000195004726003617
000195004726003616
000195004726003615
000195004726003614
000195004726003613
000195004726003612
000195004726003611
000195004726003610
000195004726003609
000195004726003608
000195004726003607
000195004726003606
000195004726003605
000195004726003604
000195004726003603
000195004726003602
000195004726003601
000162828026025788
000195004726003600
000195004726003599
000195004726003598
000195004726003597
000195004726003596
000195004726003595
000196858226000373
000195004726003620
000197415826000056
000162828026025844
000162828026025840
000197325126000013
000195824426000227
000162828026025861
000195824426000226
000195824426000225
000195824426000224
000195824426000228
000147793226002386
000195917326002981
000195917326002980
000195917326002986
000195917326002985
000195917326002984
000195917326002983
000195917326002982
000195917326002987
000195917326002988
000195917326002989
000195917326002990
000195917326002995
000197407826000145
000195917326002994
000196922326000456
000195917326002993
000195917326002992
000195917326002991
000195917326002997
000195917326002996
000196530126000043
000195917326002998
000195917326002999
000195004726003633
000195004726003632
000195004726003631
000195004726003630
000010362326000016
000196922326000459
000196530126000044
000195917326003003
000195824426000231
000195004726003629
000195824426000230
000195824426000229
000195917326003002
000196430626000209
000195004726003628
000196922326000458
000195917326003001
000192109426000406
000192109426000405
000195004726003627
000195004726003626
000196922326000457
000195917326003000
000162828026026024
000162828026026023
000162828026026022
000162828026026021
000162828026026020
000162828026026019
000195004726003657
000010362326000017
000162828026026013
000196858226000374
000195004726003656
000195004726003655
000195004726003654
000195004726003653
000195004726003652
000195004726003651
000195004726003650
000195004726003649
000195004726003648
000195004726003647
000195004726003646
000195004726003645
000195004726003644
000195004726003643
000195004726003642
000195004726003641
000195004726003640
000195004726003639
000195004726003638
000195004726003637
000195004726003636
000195004726003635
000195004726003634
000195004726003658
000100027526000037
000192109426000408
000192109426000407
000197415826000057
000196858226000375
000094787126000455
000119312526164733
000119312526164727
000119312526164723
000119312526164713
000119312526164710
000195917326003005
000195917326003004
000195917326003007
000195917326003006
000162828026026141
000197497426000002
000195917326003008
000195917326003015
000195917326003014
000195917326003013
000195917326003012
000195917326003011
000195917326003010
000195917326003009
000194984626000212
000170991426000014
000195917326003016
000162828026026206
000195917326003017
000162828026026242
000195917326003018
000195917326003019
000195004726003681
000195004726003680
000195004726003679
000195004726003678
000195004726003677
000195004726003676
000195004726003675
000195004726003674
000195004726003673
000195004726003672
000195004726003671
000195004726003670
000195004726003669
000195917326003026
000195917326003025
000195917326003024
000197248126000136
000195917326003023
000195917326003022
000195917326003021
000196922326000461
000195004726003668
000195004726003667
000195004726003666
000195004726003665
000195917326003020
000195004726003664
000196922326000460
000010362326000019
000010362326000018
000195917326003028
000192109426000409
000195917326003027
000110465926046107
000162828026026333
000162828026026332
000162828026026331
000162828026026330
000162828026026329
000162828026026328
000196922326000462
000197415826000058
000195724426000007
000119312526167412
000174273426000009
000183520826000001
000110465926046227
000135311426000001
000194984626000215
000195917326003030
000194984626000214
000194984626000213
000197640826000354
000195917326003029
000195917326003031
000195917326003032
000194984626000218
000194984626000217
000195917326003033
000076490026000019
000076490026000020
000195917326003034
000195917326003035
000195917326003036
000195917326003037
000195917326003040
000195917326003039
000196858226000377
000195917326003038
000197407826000146
000195004726003689
000192109426000411
000192109426000410
000195004726003687
000195004726003686
000162828026026572
000195004726003699
000195004726003698
000195004726003697
000195004726003696
000195004726003695
000195004726003694
000195004726003693
000195004726003692
000010362326000020
000195004726003691
000195004726003690
000195917326003042
000195917326003041
000162828026026593
000195004726003704
000195004726003703
000195004726003702
000195004726003701
000195004726003700
000162828026026606
000162828026026605
000162828026026602
000162828026026601
000162828026026599
000162828026026598
000155773626000002
000150503426000002
000197415826000059
000195004726003706
000162828026026634
000090514826001793
000110465926047024
000110465926047022
000197640826000356
000197640826000359
000197640826000358
000195917326003044
000195917326003043
000076490026000021
000162828026026732
000194984626000220
000194984626000219
000195917326003045
000194984626000221
000124417226000004
000195917326003046
000195917326003047
000194984626000222
000197407826000147
000195917326003051
000195004726003713
000162828026026837
000197407826000148
000195004726003712
000195004726003711
000195917326003050
000195917326003049
000192109426000414
000192109426000413
000195917326003048
000192109426000412
000195004726003716
000195004726003715
000195004726003714
000195917326003057
000195917326003056
000195917326003055
000195917326003054
000195917326003053
000195917326003052
000162828026026884
000195917326003058
000195824426000232
000197407826000149
000195004726003723
000195004726003722
000195004726003721
000195004726003720
000195004726003719
000195004726003718
000195004726003717
000162828026026891
000195004726003724
000162828026026890
000162828026026887
000162828026026885
000195917326003059
000195004726003725
000195917326003060
000197415826000060
000197407826000150
000197407826000151
000197407826000152
000195032226000003
000090514826001811
000152013826000129
000110465926047969
000110465926047967
000092189526001070
000197640826000362
000195917326003061
000195917326003063
000195917326003062
000195917326003064
000195917326003066
000010362326000021
000195917326003065
000165495426003900
000165495426003898
000195917326003067
000195917326003069
000195917326003068
000195779926000050
000195917326003070
000196922326000463
000196922326000466
000196922326000465
000196922326000464
000195004726003746
000195917326003073
000197407826000153
000195917326003072
000195917326003071
000195004726003745
000195004726003744
000195004726003743
000195004726003742
000195004726003741
000195004726003740
000195004726003739
000195004726003738
000195004726003737
000195004726003736
000195004726003735
000195004726003734
000195004726003733
000195004726003731
000195004726003730
000195917326003079
000195917326003078
000100027526000038
000195004726003755
000195004726003754
000195004726003753
000195004726003752
000195004726003751
000195917326003077
000195004726003750
000195004726003749
000195004726003748
000195004726003747
000195917326003076
000195917326003075
000195917326003074
000195917326003082
000195917326003081
000195917326003080
000195004726003756
000196922326000467
000202186726000006
000192109426000415
000195917326003084
000162828026027255
000162828026027254
000162828026027253
000162828026027252
000195917326003083
000197415826000061
000119312526178059
000092189526001078
000197640826000364
000197640826000365
000197337926000149
000197337926000150
000197337926000152
000197337926000151
000195917326003086
000195917326003085
000195917326003090
000137727426000006
000162828026027378
000195917326003089
000195917326003088
000195917326003087
000196430626000210
000194984626000223
000197640826000366
000196530126000045
000195917326003091
000195917326003095
000195917326003094
000195779926000051
000195917326003093
000195917326003092
000196922326000469
000195917326003096
000162828026027424
000170991426000018
000196922326000468
000195917326003097
000195917326003101
000195917326003100
000195917326003099
000195917326003098
000102583526000096
000195917326003102
000195004726003769
000196922326000470
000195004726003768
000194984626000224
000162828026027495
000195004726003767
000195004726003766
000196858226000379
000195004726003765
000195004726003764
000192109426000417
000192109426000416
000100027526000039
000010362326000022
000196922326000471
000195004726003772
000195004726003771
000195004726003770
000162828026027542
000165253626000029
000165253626000028
000195004726003792
000196922326000472
000195004726003791
000195004726003790
000195004726003789
000195004726003788
000195004726003787
000195004726003786
000195004726003785
000195004726003784
000195004726003783
000195004726003782
000195004726003781
000195004726003780
000195004726003779
000195004726003778
000195004726003777
000195004726003776
000195004726003775
000195004726003774
000195004726003773
000162828026027595
000162828026027594
000195824426000236
000195824426000235
000195824426000234
000195824426000233
000162828026027569
000162828026027564
000162828026027562
000162828026027561
000119312526182397
000162828026027603
000162828026027601
000162828026027598
000162828026027597
000196922326000473
000105924626000001
000197745426000093
000197745426000097
000197745426000091
000197745426000096
000197745426000094
000197745426000088
000197745426000095
000197745426000092
000197745426000090
000197745426000089
000144807426000010
000090514826001883
000197908626000005
000197908626000004
000197641526000016
000197641526000015
000092189526001090
000143564826000018
000197640826000368
000197640826000369
000197640826000371
000194984626000225
000195917326003104
000194984626000227
000194984626000226
000195917326003103
000162828026027775
000203987026000012
000195917326003105
000195917326003106
000197449426000161
000133031926000002
000100027526000040
000195917326003108
000195917326003107
000195917326003109
000195917326003110
000195917326003111
000197407826000154
000195004726003807
000195004726003806
000195917326003117
000195004726003805
000195004726003804
000197248126000138
000195917326003116
000162828026027924
000195917326003115
000195004726003803
000195917326003114
000162828026027916
000197248126000137
000195917326003113
000195917326003112
000195004726003802
000195004726003801
000195004726003800
000196922326000474
000195004726003799
000195004726003798
000195004726003812
000195004726003811
000195004726003810
000195004726003809
000195004726003808
000196858226000380
000195917326003119
000196430626000211
000195917326003118
000162828026027983
000162828026027982
000162828026027980
000162828026027978
000196858226000382
000195917326003122
000197745426000099
000197745426000101
000197745426000103
000197745426000108
000197745426000107
000197745426000109
000197745426000106
000197745426000105
000197745426000104
000197745426000102
000197745426000098
000197745426000100
000195917326003121
000192109426000421
000192109426000420
000192109426000419
000192109426000418
000195917326003120
000195004726003815
000195004726003814
000195004726003813
000196922326000475
000195824426000237
000162828026027993
000192109426000422
000165253626000031
000165253626000030
000195004726003817
000195824426000238
000197641526000017
000090514826001891
000195824426000239
000196858226000383
000157139126000008
000135311426000002
000105924526000002
000197407826000155
000206373626000002
000185439926000004
000110465926050579
000092189526001110
000138119726000082
000173271726000006
000202186726000007
000212300626000003
000194984626000229
000195917326003125
000194984626000228
000195917326003124
000195917326003123
000197407826000156
000195917326003126
000194984626000230
000198958626000003
000195917326003127
000100027526000041
000195779926000052
000197407826000157
000194984626000231
000195917326003129
000195917326003128
000195917326003130
000197372726000019
000195917326003133
000165253626000032
000197745426000113
000197745426000115
000197745426000120
000197745426000118
000197745426000119
000197745426000117
000197745426000116
000197745426000114
000197745426000112
000197745426000111
000197745426000110
000195004726003828
000196430626000212
000197407826000158
000196922326000477
000195917326003132
000162828026028384
000195004726003827
000119312526191536
000196922326000476
000119312526191525
000195004726003826
000119312526191508
000195004726003824
000195004726003823
000195004726003822
000197248126000139
000195917326003131
000162828026028350
000195004726003840
000195004726003839
000195004726003838
000195004726003837
000195004726003836
000195004726003835
000195004726003834
000195004726003833
000195004726003832
000195004726003831
000195004726003830
000195004726003829
000162828026028422
000197372726000020
000197407826000159
000162828026028440
000162828026028439
000162828026028438
000162828026028436
000162828026028435
000195824426000241
000195824426000240
000162828026028434
000092189526001115
000149315226019682
000119312526192618
000194411926000022
000168957526000022
000090514826001937
000185173426000003
000197640826000381
000010563426000055
000010563426000053
000195917326003142
000195917326003141
000195917326003140
000195917326003139
000195917326003138
000195917326003137
000195917326003136
000195917326003135
000195917326003134
000156777226000008
000196922326000478
000143774926014087
000194984626000233
000195917326003145
000195917326003144
000195917326003143
000194984626000232
000199652726000005
000092345826000007
000195917326003146
000196922326000479
000194984626000235
000195917326003150
000195917326003149
000195917326003148
000194984626000234
000195917326003147
000195917326003151
000195917326003152
000195917326003155
000195004726003853
000195004726003852
000194984626000236
000195004726003851
000196858226000384
000195004726003850
000195004726003849
000195004726003848
000195917326003154
000192109426000424
000192109426000423
000195004726003847
000195004726003846
000196922326000481
000196922326000480
000195917326003153
000195779926000053
000195004726003864
000195004726003863
000195004726003862
000195004726003861
000195004726003860
000195004726003859
000195004726003858
000195004726003857
000195004726003856
000195004726003855
000197415826000062
000196922326000482
000195004726003854
000195917326003156
000165253626000033
000192109426000425
000197745426000129
000197745426000128
000197745426000122
000197745426000124
000197745426000131
000197745426000130
000197745426000127
000197745426000126
000197745426000125
000197745426000123
000197745426000121
000162828026028956
000195917326003157
000162828026028980
000162828026028972
000195004726003867
000195004726003866
000196430626000214
000196430626000213
000135311426000003
000143774926014276
000195824426000242
000090514826001974
000195004726003868
000092189526001126
000119312526198313
000162828026029085
000197407826000160
000197640826000383
000149315226020806
000195917326003162
000148179226000093
000194984626000238
000195917326003161
000195917326003160
000195917326003159
000165495426004245
000194984626000237
000195917326003158
000197623426000001
000197640826000384
000197522626000001
000197337926000153
000197628926000001
000195917326003168
000195917326003167
000195917326003166
000195917326003165
000195917326003164
000195917326003163
000195917326003178
000195917326003177
000162828026029200
000195917326003176
000165495426004259
000197325126000014
000195917326003175
000195917326003174
000195917326003173
000116067626000001
000195917326003172
000195917326003171
000195917326003170
000195917326003169
000199372826000001
000195917326003179
000195917326003180
000195917326003184
000195917326003183
000195917326003182
000195917326003181
000195917326003192
000197449426000167
000197449426000165
000197407826000161
000195917326003191
000195917326003190
000194984626000239
000195917326003189
000162828026029238
000195917326003188
000195779926000054
000195917326003187
000195917326003186
000195917326003185
000197449426000171
000195917326003197
000195917326003196
000195917326003195
000195917326003194
000197449426000169
000197325126000015
000162828026029258
000195917326003193
000195917326003199
000162828026029271
000195824426000243
000195917326003198
000162828026029296
000195917326003203
000195917326003202
000195917326003201
000195917326003200
000194984626000240
000195917326003206
000195917326003205
000195917326003204
000194984626000241
000195004726003898
000195004726003897
000089183626000035
000195917326003208
000089183626000034
000195004726003896
000162828026029329
000195004726003895
000197248126000142
000195917326003207
000195004726003894
000089183626000033
000195004726003893
000195004726003892
000195004726003891
000195004726003890
000195004726003889
000195004726003888
000196922326000484
000195004726003887
000196858226000388
000136133826000005
000196922326000483
000195004726003886
000162828026029313
000195004726003884
000195004726003883
000195004726003882
000195004726003881
000197248126000140
000195004726003880
000195004726003879
000195004726003878
000195004726003877
000195004726003876
000195004726003875
000195004726003874
000195004726003873
000162828026029306
000196794026000010
000195779926000055
000192109426000427
000195917326003209
000162828026029366
000192109426000426
000195004726003905
000195004726003904
000196430626000216
000195004726003903
000195004726003902
000196430626000215
000162828026029352
000196922326000486
000196922326000485
000195004726003901
000195004726003900
000195004726003899
000195004726003923
000195004726003922
000195004726003921
000195004726003920
000195004726003919
000195824426000246
000195004726003918
000195004726003917
000195004726003916
000195004726003915
000195004726003914
000195004726003913
000195004726003912
000195004726003911
000195004726003910
000195004726003909
000195004726003908
000192109426000431
000195824426000245
000195824426000244
000165253626000034
000192109426000430
000195004726003907
000197745426000142
000197745426000136
000197745426000132
000197745426000139
000197745426000141
000197745426000140
000197745426000138
000197745426000137
000197745426000135
000197745426000134
000197745426000133
000192109426000429
000192109426000428
000195004726003906
000196858226000391
000196530126000046
000162828026029397
000162828026029394
000162828026029393
000162828026029390
000162828026029389
000162828026029388
000195004726003939
000195004726003938
000195004726003937
000195004726003936
000195004726003935
000195004726003934
000195917326003210
000195004726003933
000195004726003932
000196858226000390
000195004726003931
000195004726003930
000195004726003929
000195824426000247
000195004726003928
000195004726003927
000196858226000389
000195004726003926
000192109426000432
000195004726003925
000195004726003924
000192109426000434
000197407826000162
000192109426000433
000196858226000393
000162828026029433
000195824426000248
000195004726003941
000148179226000095
000195824426000249
000101760826000001
000092189526001138
000197640826000387
000197337926000154
000195917326003222
000197249026000005
000195917326003221
000195917326003220
000195917326003219
000195917326003218
000195917326003217
000195917326003216
000197337926000155
000195917326003215
000195917326003214
000195917326003213
000195917326003212
000195917326003211
000195917326003223
000197407826000163
000195917326003224
000196922326000487
000195917326003229
000162828026029637
000195917326003228
000195917326003227
000195917326003226
000195917326003225
000195917326003230
000195917326003237
000195917326003236
000197372726000021
000195917326003235
000195917326003234
000100027526000043
000194984626000243
000196922326000488
000195917326003232
000195917326003231
000194984626000242
000195917326003242
000195917326003241
000195917326003240
000195917326003239
000195917326003238
000195917326003246
000195917326003245
000195917326003244
000195917326003243
000197372726000022
000195004726003970
000162828026029816
000195004726003969
000195004726003968
000195917326003249
000195004726003967
000195917326003248
000195004726003966
000195004726003965
000196922326000489
000195004726003964
000195004726003963
000194984626000244
000195004726003962
000195004726003961
000195004726003960
000195004726003959
000195004726003958
000195004726003957
000195004726003956
000195004726003955
000195004726003954
000197407826000164
000195004726003953
000195004726003952
000195004726003951
000195004726003950
000195004726003948
000195004726003947
000195004726003946
000195004726003945
000162828026029783
000195917326003247
000195779926000056
000195004726003990
000165253626000035
000195004726003989
000195004726003988
000195917326003256
000195004726003987
000195004726003986
000192109426000437
000195004726003985
000195004726003984
000195004726003983
000195004726003982
000192109426000436
000195917326003255
000195004726003981
000195004726003980
000162828026029842
000195004726003979
000195004726003978
000195004726003977
000195004726003976
000195004726003975
000192109426000435
000196922326000492
000195004726003974
000195917326003254
000196858226000397
000195917326003253
000195917326003252
000195004726003973
000196922326000491
000196858226000396
000195004726003972
000195917326003251
000195917326003250
000195004726003971
000196922326000490
000135311426000004
000195004726004010
000195917326003258
000195004726004009
000196922326000493
000195004726004008
000196430626000219
000195917326003257
000195004726004007
000195004726004006
000195004726004005
000195004726004004
000195004726004003
000196430626000218
000195004726004002
000195004726004001
000195004726004000
000195004726003999
000195004726003998
000192109426000438
000195004726003997
000195004726003996
000195004726003995
000195004726003994
000197745426000145
000197745426000153
000197745426000146
000197745426000150
000197745426000152
000197745426000151
000197745426000149
000197745426000148
000197745426000147
000197745426000144
000197745426000143
000195004726003993
000195004726003992
000196430626000217
000195004726003991
000162828026029909
000162828026029908
000162828026029907
000162828026029904
000195004726004015
000195004726004014
000195004726004013
000195004726004012
000196922326000494
000195004726004011
000195917326003260
000195917326003259
000192109426000439
000195004726004018
000162828026029919
000196922326000495
000195004726004016
000162828026029910
000197415826000066
000197415826000065
000197415826000064
000196858226000398
000162828026029943
000162828026029941
000162828026029939
000197415826000063
000162828026029937
000195004726004019
000195824426000255
000195824426000254
000195824426000253
000195824426000252
000195824426000251
000195824426000250
000197248126000143
000196858226000399
000162828026029964
000197415826000067
000110465926055053
000197248126000144
000195004726004020
000162828026030016
000162828026030012
000162828026030019
000197641526000022
000197641526000021
000197641526000020
000197641526000019
000197641526000018
000092189526001156
000180473526000014
000184247026000012
000202969226000006
000110465926055194
000149497126000001
000197640826000400
000114036126019004
000162828026030190
000195917326003261
000195917326003272
000196922326000496
000195917326003271
000196530126000047
000194984626000247
000195917326003270
000194984626000246
000195917326003269
000195917326003268
000195917326003267
000195917326003266
000195917326003265
000195917326003264
000195917326003263
000162828026030197
000195917326003262
000194984626000245
000197325126000016
000195917326003273
000162828026030231
000195917326003276
000195917326003275
000195917326003274
000194984626000248
000195917326003278
000195917326003277
000195917326003279
000195917326003281
000195917326003280
000195917326003284
000196922326000498
000195917326003283
000197309726000010
000194984626000249
000195917326003282
000162828026030352
000195917326003287
000195917326003286
000195917326003285
000100027526000044
000195917326003290
000195917326003289
000195917326003288
000195917326003294
000195917326003293
000195917326003292
000195917326003291
000162828026030456
000195917326003297
000195917326003296
000195917326003295
000195004726004039
000195004726004038
000162828026030543
000195004726004037
000195004726004036
000192109426000440
000195004726004035
000195004726004034
000162828026030537
000195004726004033
000195004726004032
000196922326000500
000195004726004031
000195004726004030
000162828026030527
000195004726004029
000195004726004028
000162828026030510
000195004726004027
000196922326000499
000195004726004026
000195004726004024
000197337926000156
000195004726004054
000195004726004053
000195004726004052
000195004726004051
000195004726004050
000195004726004049
000195004726004048
000195004726004047
000196922326000501
000195779926000057
000195004726004046
000195004726004045
000195917326003301
000195917326003300
000195917326003299
000197415826000068
000192109426000444
000162828026030597
000195917326003298
000192109426000443
000196430626000220
000195004726004044
000192109426000442
000195004726004043
000195004726004042
000192109426000441
000195004726004041
000195004726004040
000195004726004079
000195004726004078
000195004726004077
000162828026030673
000162828026030671
000195004726004076
000195004726004075
000162828026030665
000195004726004074
000162828026030662
000162828026030660
000162828026030659
000195917326003302
000195004726004073
000195004726004072
000197248126000145
000195004726004071
000195004726004070
000195004726004069
000165253626000036
000195004726004068
000195004726004067
000195004726004066
000195004726004065
000195004726004064
000197745426000160
000197745426000157
000197745426000154
000197745426000163
000197745426000162
000197745426000161
000197745426000159
000197745426000158
000197745426000156
000197745426000155
000195004726004063
000195004726004062
000195004726004061
000195004726004060
000195004726004059
000195004726004058
000195004726004057
000195004726004056
000195004726004055
000195917326003304
000160727326000007
000195004726004085
000195004726004084
000195004726004083
000119312526206674
000000527226000055
000195004726004082
000195004726004081
000196922326000502
000197248126000147
000195917326003303
000195004726004080
000195004726004089
000196922326000503
000196858226000400
000195004726004087
000162828026030715
000195004726004086
000186398626000008
000158007526000006
000177558426000007
000195004726004090
000205805626000009
000195004726004093
000195004726004092
000195004726004091
000195824426000260
000195824426000259
000195824426000258
000195824426000257
000195824426000256
000195004726004094
000195004726004095
000196858226000404
000162828026030821
000119312526207083
000119312526207080
000119312526207078
000176997626000001
000196780826000016
000175820926000005
000092189526001163
000195004726004096
000119312526207099
000197640826000404
000107997326000602
000195917326003307
000195917326003306
000195917326003305
000195917326003315
000195917326003314
000195917326003313
000195917326003312
000195917326003311
000197337926000157
000195917326003310
000195917326003309
000195917326003308
000195917326003316
000194984626000250
000195917326003317
000195917326003320
000195917326003319
000195917326003318
000195917326003328
000195917326003327
000195917326003326
000196922326000504
000195917326003325
000195917326003324
000195917326003323
000197337926000158
000195917326003322
000194984626000251
000195917326003321
000195779926000058
000095015726000578
000194984626000252
000195917326003330
000195917326003329
000194984626000254
000194984626000253
000195917326003332
000195917326003331
000195917326003335
000195917326003334
000195917326003333
000195917326003340
000195917326003339
000195917326003338
000195917326003337
000195917326003336
000195917326003343
000195917326003342
000195917326003341
000195917326003344
000196530126000048
000196858226000406
000162828026031283
000195004726004124
000195004726004123
000195004726004122
000195004726004121
000195004726004120
000195004726004119
000162828026031275
000195004726004118
000195004726004117
000195917326003347
000195004726004116
000195004726004115
000195004726004114
000195004726004113
000195004726004112
000195004726004111
000194984626000255
000195917326003346
000162828026031250
000195004726004110
000195917326003345
000195004726004109
000195004726004107
000195004726004106
000192109426000446
000195004726004105
000196922326000507
000196922326000506
000195004726004104
000196922326000505
000195004726004103
000195004726004102
000195004726004101
000195004726004100
000192109426000445
000195004726004138
000195004726004137
000195004726004136
000195004726004135
000197745426000169
000197745426000164
000197745426000171
000197745426000170
000197745426000168
000197745426000167
000197745426000166
000197745426000165
000195004726004134
000195917326003352
000195004726004133
000195004726004132
000195004726004131
000195004726004130
000195004726004129
000195917326003351
000195004726004128
000195004726004127
000195917326003350
000165253626000037
000195917326003349
000196530126000049
000195004726004126
000195917326003348
000195004726004125
000162828026031384
000162828026031383
000162828026031382
000195917326003357
000162828026031380
000195004726004149
000195004726004148
000031601126000013
000195004726004147
000195004726004146
000195917326003356
000195917326003355
000196530126000050
000195004726004145
000195004726004144
000195004726004143
000195004726004142
000195917326003354
000195004726004141
000195004726004140
000195917326003353
000195004726004139
000195004726004155
000195004726004154
000195004726004153
000195004726004152
000195004726004151
000195917326003359
000195917326003358
000195004726004150
000196858226000407
000195004726004159
000195004726004158
000195004726004156
000100027526000045
000092189526001167
000119312526209528
000165495426004421
000195004726004161
000117893726000021
000117893726000020
000165495426004437
000095014226001311
000119312526209838
000165495426004427
000156094526000004
000165495426004447
000195917326003360
000195917326003364
000195917326003363
000195917326003362
000195917326003361
000195917326003365
000197337926000160
000197337926000159
000196922326000508
000194984626000256
000195917326003373
000185820826000005
000195917326003372
000195917326003371
000195917326003370
000125642126000004
000195917326003369
000195917326003368
000195779926000059
000195917326003367
000195917326003366
000149758226000010
000194984626000257
000195917326003374
000195917326003375
000196922326000509
000195917326003381
000195917326003380
000195779926000060
000195917326003379
000195917326003378
000195917326003377
000195917326003376
000197641526000023
000195917326003384
000195917326003383
000100027526000046
000195917326003382
000197325126000017
000196922326000511
000196922326000510
000197641526000024
000195917326003386
000195917326003385
000162828026031988
000197407826000165
000114036126019524
000195917326003388
000195917326003387
000195917326003390
000195917326003389
000195917326003392
000196430626000221
000195004726004189
000197337926000162
000195004726004188
000195004726004187
000195004726004186
000195004726004185
000195004726004184
000192109426000447
000195004726004183
000195004726004182
000195917326003391
000195004726004181
000195004726004180
000195004726004179
000195004726004178
000197337926000161
000195004726004177
000195004726004176
000195004726004175
000195004726004174
000208554126000003
000195004726004173
000195004726004172
000197248126000148
000195917326003396
000197407826000166
000196922326000513
000195004726004208
000195004726004207
000195004726004206
000195004726004205
000195004726004204
000195004726004203
000195004726004202
000195917326003395
000195917326003394
000195004726004201
000195004726004200
000197337926000165
000195004726004199
000196922326000512
000195004726004198
000195004726004197
000195004726004195
000195004726004196
000195004726004194
000195917326003393
000195004726004193
000195004726004192
000195004726004191
000195004726004190
000162828026032165
000197337926000164
000162828026032162
000197337926000163
000195004726004214
000197407826000168
000196922326000514
000195917326003397
000195004726004212
000195004726004211
000197407826000167
000195004726004210
000179287626000002
000195004726004209
000162828026032219
000195824426000263
000195824426000262
000195824426000261
000165253626000038
000195004726004218
000195004726004217
000197745426000174
000197745426000176
000197745426000175
000197745426000173
000197745426000172
000195004726004216
000195004726004215
000195917326003398
000162828026032297
000162828026032295
000162828026032291
000196922326000515
000120205626000005
000162828026032351
000195004726004221
000162828026032348
000195004726004220
000195004726004219
000195004726004222
000105683126000004
000196858226000410
000196858226000408
000119312526212636
000119312526212632
000196858226000411
000119312526212905
000119312526212901
000119312526212900
000119312526212899
000199719826000001
000119312526212882
000119312526212879
000208995026000001
000119312526212873
000209008326000002
000209008326000001
000209011926000001
000208996626000002
000197407826000169
000199937126010242
000199937126010241
000199937126010240
000119312526212799
000119312526212781
000119312526212771
000119312526212760
000092189526001181
000121390026053536
000197640826000407
000197640826000408
000197640826000409
000195917326003399
000195917326003410
000196922326000516
000195917326003409
000195917326003408
000195917326003407
000195917326003406
000195917326003405
000195917326003404
000195917326003403
000195917326003402
000195917326003401
000195917326003400
000194984626000258
000195917326003413
000195917326003412
000195917326003411
000195779926000061
000195917326003416
000165495426004603
000195917326003415
000195917326003414
000195917326003418
000195917326003417
000100027526000047
000195917326003424
000111492726000047
000195917326003423
000195917326003422
000165495426004607
000197309726000011
000195917326003421
000195917326003420
000195917326003419
000196922326000518
000196922326000517
000195917326003425
000197249026000008
000195779926000062
000195779926000063
000197449426000175
000195917326003428
000195917326003427
000195917326003426
000194984626000259
000196858226000414
000195917326003429
000162828026032767
000197407826000171
000195917326003430
000197407826000170
000196922326000521
000196922326000520
000195917326003432
000195917326003431
000197407826000172
000196922326000523
000195917326003438
000195917326003437
000195917326003436
000195004726004246
000195917326003435
000195004726004245
000195004726004244
000195004726004243
000195917326003434
000162828026032868
000195917326003433
000195004726004242
000195004726004241
000195004726004240
000195004726004239
000195004726004238
000195004726004237
000195004726004236
000195004726004235
000195004726004234
000195004726004233
000195004726004232
000195004726004231
000195004726004230
000195004726004229
000196922326000522
000100027526000048
000195004726004227
000195004726004226
000162828026032824
000196858226000415
000197337926000166
000197248126000149
000195004726004269
000195004726004268
000195004726004267
000195004726004266
000195004726004265
000195004726004264
000195004726004263
000195004726004262
000195004726004261
000195004726004260
000195004726004259
000196530126000051
000195004726004258
000195004726004257
000192109426000450
000195004726004256
000195004726004255
000195004726004254
000195004726004253
000192109426000449
000195004726004252
000195004726004251
000195004726004250
000195004726004249
000162828026032896
000195004726004248
000192109426000448
000195917326003439
000195004726004247
000195004726004277
000162828026032972
000195917326003441
000195004726004276
000162828026032969
000195004726004275
000195004726004274
000195004726004273
000195004726004272
000196430626000225
000196430626000224
000195824426000264
000196430626000223
000195917326003440
000195004726004271
000196430626000222
000195004726004270
000195004726004282
000195779926000064
000197407826000173
000195917326003442
000195004726004281
000195004726004280
000195004726004279
000162828026032978
000162828026032977
000195004726004278
000195004726004285
000171890926000001
000195004726004284
000195004726004283
000195004726004287
000119312526215099
000195779926000065
000196858226000417
000195824426000268
000195824426000267
000195824426000265
000162828026033079
000162828026033078
000162828026033077
000162828026033076
000137540126000008
000196858226000419
000195824426000269
000212485526000002
000110465926058102
000114036126020324
000092189526001207
000124684026000001
000110465926058138
000092189526001204
000105668826000005
000197640826000410
000198549626000001
000197640826000413
000195917326003444
000195917326003443
000195917326003453
000195917326003452
000162828026033204
000110465926058404
000195917326003451
000195917326003450
000194984626000263
000195917326003449
000194984626000262
000195917326003448
000194984626000261
000195917326003447
000197309726000013
000194984626000260
000195917326003446
000195917326003445
000168316826003656
000195917326003454
000195917326003455
000195917326003457
000195917326003456
000194984626000264
000197407826000175
000195917326003465
000195917326003464
000197337926000167
000195917326003463
000195917326003462
000195917326003461
000195917326003460
000195917326003459
000197407826000174
000195917326003458
000195917326003467
000195917326003466
000195917326003470
000195917326003469
000195917326003468
000195917326003471
000195917326003477
000195917326003476
000196530126000053
000196530126000052
000185788926000002
000010362326000024
000095015726000592
000197407826000177
000195917326003475
000195917326003474
000195917326003473
000196922326000527
000076490026000023
000195917326003472
000177370426000014
000196922326000526
000196922326000525
000196922326000524
000197407826000176
000086627326000030
000194984626000265
000195917326003479
000196922326000528
000195917326003478
000195917326003483
000196922326000529
000195917326003482
000195917326003481
000195917326003480
000162828026033384
000196858226000421
000195917326003486
000195917326003485
000197337926000168
000195917326003484
000195917326003491
000194984626000266
000195917326003490
000195779926000066
000195917326003489
000196922326000530
000195917326003488
000195917326003487
000195004726004317
000195004726004316
000195917326003497
000192109426000455
000195004726004315
000195004726004314
000195004726004313
000192109426000454
000195917326003496
000196858226000425
000195004726004312
000192109426000453
000162828026033472
000196922326000532
000195917326003495
000195004726004311
000196858226000422
000195004726004310
000195004726004309
000192109426000452
000195004726004308
000192109426000451
000195004726004307
000195004726004306
000195004726004305
000195004726004304
000196922326000531
000195004726004303
000195004726004302
000200430226000008
000197337926000169
000195917326003494
000195004726004300
000195004726004299
000195004726004298
000195004726004297
000195917326003493
000195917326003492
000195004726004296
000195004726004295
000195004726004294
000195004726004293
000195004726004292
000195004726004291
000196430626000230
000196430626000229
000162828026033537
000197407826000178
000196430626000228
000196430626000227
000196530126000054
000195917326003500
000195917326003499
000197449426000177
000196430626000226
000195917326003498
000195004726004323
000195004726004322
000209102226000004
000197248126000150
000195004726004321
000192109426000457
000195004726004320
000196858226000426
000195004726004319
000195004726004318
000162828026033507
000192109426000456
000192109426000458
000100027526000049
000195004726004349
000195004726004348
000162828026033608
000195004726004347
000195004726004346
000195004726004345
000195004726004344
000195004726004343
000195004726004342
000195004726004341
000162828026033592
000195004726004340
000195004726004339
000195004726004338
000195004726004337
000195004726004336
000195004726004335
000195004726004334
000195004726004333
000162828026033587
000195004726004332
000195004726004331
000195004726004330
000195004726004329
000195004726004328
000195004726004327
000195004726004326
000195004726004325
000195004726004324
000162828026033579
000162828026033577
000162828026033575
000162828026033569
000195779926000067
000162828026033567
000162828026033565
000110465926058680
000195004726004352
000162828026033625
000195004726004351
000195004726004350
000162828026033623
000196858226000427
000162828026033619
000162828026033615
000195004726004358
000195004726004357
000195824426000270
000195004726004356
000196922326000533
000195004726004355
000195004726004354
000195004726004364
000195004726004363
000195004726004362
000195824426000271
000195004726004361
000195004726004360
000196858226000428
000196922326000534
000195004726004359
000195917326003501
000196922326000536
000162828026033690
000196922326000535
000195004726004365
000196922326000537
000119312526217322
000092189526001218
000162828026033739
000195004726004366
000162828026033749
000196922326000538
000162828026033757
000111492726000053
000162828026033783
000119312526217595
000119312526217573
000119386326000001
000197640826000415
000196530126000055
000195917326003502
000162828026033937
000195917326003515
000195917326003514
000195917326003513
000195917326003512
000195917326003511
000195917326003510
000195917326003509
000195917326003508
000195917326003507
000195917326003506
000195917326003505
000195917326003504
000195917326003503
000194984626000267
000195917326003517
000195917326003516
000177370426000015
000162828026033977
000162828026033966
000195917326003519
000195917326003518
000194984626000268
000195917326003520
000111492726000058
000197449426000180
000162828026033998
000195917326003526
000195917326003525
000194984626000270
000195917326003524
000194984626000269
000143834526000001
000195917326003523
000195917326003522
000195917326003521
000197337926000170
000195917326003529
000197407826000179
000195917326003528
000162828026034039
000195917326003527
000195917326003530
000195917326003531
000195779926000068
000195004726004389
000195004726004388
000195004726004387
000195004726004386
000195004726004385
000195004726004384
000195004726004383
000195004726004382
000195917326003533
000192109426000463
000195004726004381
000195004726004380
000195004726004379
000195004726004378
000195004726004377
000195004726004376
000192109426000462
000195004726004375
000192109426000461
000195004726004374
000195917326003532
000192109426000460
000195004726004373
000192109426000459
000196922326000539
000195004726004371
000195004726004370
000195779926000069
000195004726004404
000195004726004403
000195004726004402
000195004726004401
000195917326003536
000195004726004400
000195004726004399
000195004726004398
000195004726004397
000195917326003535
000195004726004396
000195917326003534
000195004726004395
000195004726004394
000195004726004392
000195004726004393
000195004726004391
000195004726004390
000195917326003537
000195004726004415
000162828026034153
000195004726004414
000195004726004413
000195004726004412
000195004726004411
000195004726004410
000195004726004409
000195004726004408
000195824426000272
000195004726004407
000195004726004406
000195004726004405
000196922326000540
000195779926000071
000196430626000232
000195824426000274
000196430626000231
000195779926000070
000162828026034176
000195004726004416
000178716826000008
000195004726004419
000162828026034198
000196794026000011
000151741326000140
000110465926059490
000195004726004418
000151741326000138
000196430626000234
000151741326000136
000196430626000233
000196858226000429
000151741326000134
000196858226000430
000197248126000152
000192109426000464
000197248126000151
000195004726004421
000195004726004420
000195004726004425
000121390026055223
000195824426000277
000195824426000276
000195824426000275
000195004726004424
000195004726004423
000162828026034243
000197248126000153
000195004726004422
000092189526001255
000196922326000541
000196858226000432
000196858226000431
000195004726004427
000195004726004426
000197248126000154
000127675026000004
000180473526000017
000092189526001256
000121390026055232
000205629626000003
000128448926000010
000200101126000047
000110465926059608
000119312526220188
000110465926059781
000195917326003539
000195917326003538
000195917326003544
000195917326003543
000194984626000273
000195917326003542
000195917326003541
000197337926000172
000197337926000171
000147793226003023
000194984626000272
000194984626000271
000195917326003540
000194984626000274
000195917326003545
000197337226000016
000195917326003548
000195917326003547
000195917326003546
000194984626000275
000195779926000073
000195917326003552
000197449426000182
000184003626000001
000195917326003551
000195917326003550
000195779926000072
000195917326003549
000197337926000173
000196922326000543
000195917326003553
000195917326003554
000165845226000002
000195917326003555
000143774926016640
000196530126000056
000195917326003565
000195917326003564
000195917326003563
000197337926000174
000195917326003562
000195917326003561
000196922326000545
000195917326003560
000195917326003559
000195917326003558
000195917326003557
000195917326003556
000170448826000004
000177370426000019
000195917326003569
000195917326003568
000195917326003567
000195917326003566
000196922326000546
000160747726000001
000196922326000547
000195917326003570
000195917326003572
000195917326003571
000195917326003573
000110465926060248
000195004726004442
000196430626000237
000196430626000236
000195917326003575
000195917326003574
000196430626000235
000195004726004441
000192109426000471
000195004726004440
000195004726004439
000192109426000470
000195004726004438
000195004726004437
000195004726004436
000195004726004435
000119312526221592
000119312526221588
000195004726004434
000192109426000469
000195004726004433
000169932226000002
000195004726004432
000192109426000468
000192109426000467
000192109426000466
000192109426000465
000195004726004463
000195004726004462
000195004726004461
000196922326000548
000192109426000472
000195824426000278
000195004726004460
000195004726004459
000195004726004458
000195004726004457
000195004726004456
000195004726004455
000195004726004454
000195004726004453
000195004726004452
000195004726004451
000195004726004450
000195004726004449
000162828026034625
000195917326003577
000195004726004448
000195004726004447
000195004726004446
000195004726004445
000195004726004444
000195004726004443
000195917326003576
000195004726004475
000196858226000435
000195004726004474
000192109426000473
000195004726004473
000195824426000279
000196922326000549
000195004726004472
000195004726004471
000195004726004470
000195004726004469
000195004726004468
000195004726004467
000195004726004466
000195917326003578
000195004726004465
000195004726004464
000197248126000156
000197248126000155
000195004726004480
000089116626000049
000195004726004479
000195004726004478
000196530126000057
000195004726004477
000195004726004476
000162828026034684
000196922326000550
000196858226000437
000195004726004485
000195004726004484
000195004726004482
000195004726004481
000195004726004488
000195004726004487
000162828026034696
000195004726004486
000197248126000157
000162828026034692
000162828026034690
000162828026034689
000196794026000012
000195824426000280
000196858226000439
000131586326000407
000195004726004489
000119386326000004
000162828026034730
000211105026000006
000212675226000001
000213513726000001
000202969226000010
000213513526000001
000119312526222333
000119312526222335
000119312526222334
000090514826002256
000119312526222297
000197640826000426
000197640826000427
000197640826000429
000197640826000428
000197640826000430
000195917326003580
000195917326003579
000143774926016902
000194984626000277
000079035926000039
000197337926000175
000195917326003585
000195917326003584
000195917326003583
000195917326003582
000194984626000276
000195917326003581
000119312526223001
000212675526000001
000002547526000055
000195917326003586
000212674826000001
000195917326003587
000212675226000002
000196917126000002
000195917326003592
000195917326003591
000195917326003590
000195917326003589
000107157126000003
000195917326003588
000162828026034945
000162828026034942
000196922326000551
000195917326003593
000195779926000074
000194984626000278
000195917326003595
000195917326003594
000160452526000003
000162828026034953
000194984626000280
000194984626000281
000113777426000125
000197337926000176
000196922326000552
000195917326003602
000196858226000443
000195917326003601
000195917326003600
000195917326003599
000195917326003598
000195917326003597
000195917326003596
000195724426000009
000212675326000001
000195917326003604
000195917326003603
000195004726004492
000195917326003606
000162828026035017
000195917326003605
000195917326003610
000195917326003609
000196922326000553
000195917326003608
000195917326003607
000197337926000177
000195779926000075
000165495426004886
000194984626000282
000162828026035118
000195004726004506
000192109426000483
000195004726004505
000192109426000482
000195004726004504
000195004726004502
000195917326003616
000192109426000481
000195004726004501
000195004726004500
000195917326003615
000192109426000480
000195004726004499
000195917326003614
000192109426000479
000195004726004498
000192109426000478
000195779926000076
000195004726004497
000195004726004496
000192109426000477
000195917326003613
000192109426000476
000195004726004495
000192109426000475
000195917326003612
000196858226000445
000195004726004494
000192109426000474
000197337926000178
000195917326003611
000196858226000446
000195004726004534
000195004726004535
000195004726004533
000195004726004532
000195004726004531
000195004726004530
000195004726004529
000195004726004528
000195004726004527
000195004726004526
000195004726004525
000195004726004524
000195004726004523
000195004726004522
000195004726004521
000195004726004520
000195004726004519
000195917326003618
000195004726004518
000195004726004517
000195004726004516
000195004726004515
000195004726004514
000195004726004513
000195004726004512
000195004726004511
000195004726004510
000197248126000159
000194984626000283
000195917326003617
000195004726004509
000195004726004508
000195004726004507
000162828026035123
000192109426000484
000197248126000158
000101905626000090
000195004726004546
000195779926000077
000195004726004545
000195004726004544
000195004726004543
000195004726004542
000196858226000448
000195004726004541
000195004726004540
000195004726004539
000196858226000447
000195004726004538
000195004726004537
000089183626000042
000195004726004547
000162828026035181
000119312526224319
000195004726004552
000195004726004551
000195779926000078
000195004726004550
000195004726004548
000162828026035196
000197248126000160
000196430626000241
000196430626000240
000195004726004554
000162828026035224
000195824426000282
000195824426000281
000196430626000239
000195004726004553
000162828026035217
000156777226000012
000196430626000238
000196858226000449
000162828026035238
000195004726004555
000195004726004557
000195004726004556
000182325426000007
000195004726004558
000195004726004562
000212675526000002
000195004726004561
000195004726004560
000111492726000065
000195004726004559
000122784726000006
000141038426000038
000195004726004563
000195209526000010
000212675326000002
000092189526001332
000212674826000002
000196794026000013
000119312526224805
000119312526224800
000119312526224794
000119312526224787
000110465926061513
000110465926061512
000110465926061511
000110465926061507
000110465926061505
000138516226000007
000197640826000435
000095015726000616
000197640826000436
000195917326003619
000197640826000437
000195917326003621
000195917326003620
000195917326003642
000195917326003641
000195917326003640
000076490026000024
000194984626000285
000195917326003639
000195917326003638
000195917326003637
000195917326003636
000195917326003635
000195917326003634
000195917326003633
000195917326003632
000195917326003631
000195917326003630
000195917326003629
000195917326003628
000194984626000284
000195917326003627
000196922326000554
000195917326003626
000195917326003625
000195917326003624
000195917326003623
000195917326003622
000162828026035384
000162828026035385
000195917326003643
000195917326003647
000137604326000004
000195917326003646
000194984626000286
000195917326003645
000195917326003644
000197407826000181
000196530126000058
000195917326003648
000194984626000289
000194984626000288
000196922326000555
000194984626000287
000195917326003649
000197407826000182
000162828026035499
000100027526000050
000162828026035495
000196922326000556
000195917326003651
000195917326003650
000195917326003655
000195917326003654
000195917326003653
000195917326003652
000196922326000557
000195917326003656
000196530126000059
000195917326003660
000195917326003659
000195724426000010
000195917326003658
000195917326003657
000195917326003665
000162828026035525
000195917326003664
000195917326003663
000195917326003662
000195917326003661
000195004726004586
000195004726004585
000195004726004584
000195004726004583
000195004726004582
000197407826000183
000195004726004581
000195917326003666
000195004726004580
000195004726004579
000195004726004578
000192109426000486
000195004726004577
000195004726004576
000195004726004575
000195004726004574
000195004726004573
000195779926000079
000195004726004572
000195004726004571
000195004726004570
000195004726004569
000192109426000485
000195004726004568
000195004726004616
000162828026035614
000195004726004615
000195004726004614
000195917326003669
000195917326003668
000195004726004613
000195004726004612
000195004726004611
000195004726004610
000195004726004609
000192109426000491
000196430626000247
000196858226000455
000195004726004608
000196858226000454
000195004726004607
000195004726004606
000195004726004605
000192109426000490
000195004726004604
000196430626000246
000192109426000489
000195004726004603
000195004726004602
000195004726004601
000195004726004600
000195004726004599
000196430626000245
000195004726004598
000196430626000244
000195004726004597
000192109426000488
000195004726004596
000195004726004595
000195917326003667
000196430626000243
000144807426000012
000192109426000487
000195004726004594
000195004726004593
000195004726004592
000196922326000560
000195004726004591
000195004726004590
000196430626000242
000196922326000559
000195004726004589
000196922326000558
000194984626000290
000122784726000007
000195004726004639
000196858226000459
000196858226000457
000197248126000162
000195004726004638
000195004726004637
000195004726004636
000195004726004635
000195004726004634
000195004726004633
000195004726004632
000195004726004631
000195004726004630
000195004726004629
000195004726004628
000195004726004627
000195004726004626
000195004726004625
000195004726004624
000195004726004623
000195004726004622
000195004726004621
000196858226000456
000197248126000161
000162828026035634
000195004726004620
000195004726004619
000195004726004618
000195004726004617
000195004726004642
000195779926000081
000195779926000080
000195004726004641
000195917326003670
000195824426000286
000195824426000285
000195824426000284
000195824426000283
000195004726004640
000162828026035691
000196010526000015
000196858226000461
000196922326000561
000195779926000082
000195004726004645
000195004726004643
000162828026035701
000195004726004648
000192109426000493
000192109426000492
000195004726004647
000195004726004646
000195004726004650
000162828026035728
000195824426000290
000162828026035727
000195004726004649
000192109426000497
000192109426000496
000192109426000495
000192109426000494
000195004726004651
000192109426000500
000192109426000499
000192109426000498
000153964926000008
000156607926000008
000147344626000008
000143667726000008
000162564126000124
000162564126000122
000162564126000120
000162564126000118
000185173426000004
000182338126000007
000198381526000005
000130412526000005
000092189526001424
000206676426000001
000178066226000010
000197640826000438
000197640826000439
000149315226024075
000197640826000441
000197640826000444
000197640826000443
000197640826000445
000197309726000014
000195917326003687
000195917326003686
000195917326003685
000195917326003684
000195917326003683
000195917326003682
000195917326003681
000195917326003680
000194984626000292
000195917326003679
000195917326003678
000194984626000291
000195917326003677
000195917326003676
000195917326003675
000195917326003674
000162828026035832
000195917326003673
000195917326003672
000208590226000002
000195917326003671
000195917326003690
000195917326003689
000195917326003688
000195917326003692
000195917326003691
000195779926000083
000195917326003696
000195917326003695
000195917326003694
000195917326003693
000163937526000010
000195779926000084
000195917326003703
000194984626000293
000195917326003702
000189210226000005
000119312526228395
000162828026035842
000195917326003701
000195917326003700
000195917326003699
000195917326003698
000195917326003697
000195917326003704
000195917326003708
000195917326003707
000195779926000085
000195917326003706
000195917326003705
000195917326003710
000195917326003709
000195917326003719
000195917326003718
000195917326003717
000195917326003716
000142921526000002
000195917326003715
000195917326003714
000194984626000294
000195917326003713
000195917326003712
000195917326003711
000195917326003725
000195917326003724
000195917326003723
000195917326003722
000195917326003721
000195917326003720
000195779926000086
000195917326003728
000195917326003727
000195917326003726
000195004726004668
000195917326003732
000196922326000562
000196430626000249
000121390026058444
000192109426000509
000195004726004667
000196430626000248
000192109426000508
000179069526000010
000195917326003731
000192109426000507
000196010526000016
000195004726004666
000192109426000506
000195917326003730
000192109426000505
000195917326003729
000195004726004665
000195004726004664
000195004726004663
000195004726004662
000195004726004661
000195004726004660
000195004726004659
000195004726004658
000192109426000504
000195004726004656
000192109426000503
000195004726004655
000192109426000502
000192109426000501
000195004726004683
000195004726004682
000195004726004681
000195004726004680
000195917326003738
000195917326003737
000195917326003736
000195004726004679
000192109426000513
000197415826000069
000195004726004678
000195004726004677
000192109426000512
000195004726004676
000192109426000511
000195917326003735
000192109426000510
000195004726004675
000195779926000087
000195917326003734
000195004726004674
000195004726004673
000195004726004672
000195917326003733
000195004726004671
000196922326000565
000195004726004670
000196922326000564
000196430626000250
000196922326000563
000195004726004669
000090514826002506
000095010326007337
000197407826000184
000195917326003743
000195917326003742
000195917326003741
000196858226000463
000195004726004711
000195004726004710
000195004726004709
000195004726004708
000195004726004707
000195004726004706
000195917326003740
000195004726004705
000195917326003739
000195004726004704
000195004726004703
000195004726004702
000195004726004701
000195004726004700
000195004726004699
000195004726004698
000195004726004697
000195004726004696
000195004726004695
000195004726004694
000195004726004693
000195004726004692
000195004726004691
000195004726004690
000195004726004689
000195004726004688
000195004726004687
000162828026035962
000195004726004686
000195004726004685
000195004726004684
000162828026036030
000195004726004717
000195004726004716
000195824426000291
000162828026036020
000195004726004715
000195004726004714
000195004726004713
000195917326003744
000195004726004712
000162828026036012
000196794026000014
000090514826002507
000196858226000466
000162828026036048
000162828026036046
000196858226000465
000162828026036039
000162828026036038
000162828026036037
000162828026036035
000162828026036033
000162828026036032
000195004726004719
000195004726004720
000162828026036075
000195004726004722
000195004726004721
000195004726004724
000195004726004723
000195004726004728
000195004726004727
000195004726004726
000195004726004725
000196858226000467
000195004726004731
000195004726004730
000195004726004729
000121390026058618
000195004726004732
000196704826000008
000162828026036104
000159195526000009
000162828026036121
000162828026036120
000162828026036119
000162828026036118
000181001926000046
000181141426000036
000181141426000035
000181141426000034
000181141426000033
000181141426000032
000181141426000031
000128045226000008
000202846626000003
000173681926000003
000162115226000003
000162828026036110
000206563326000003
000162828026036109
000190936226000003
000197640826000450
000197337926000179
000197337926000181
000197337926000180
000197337926000183
000197640826000451
000197337926000182
000197337926000184
000110465926063565
000195917326003747
000195917326003746
000195917326003745
000194984626000296
000195917326003754
000195917326003753
000194984626000295
000195917326003752
000195917326003751
000195917326003750
000195917326003749
000197640826000455
000195917326003748
000195917326003756
000195917326003755
000162828026036240
000195917326003757
000196922326000566
000195917326003759
000194984626000297
000162828026036246
000195917326003758
000195917326003760
000165495426005107
000197407826000185
000185609626000005
000195917326003763
000194984626000299
000196922326000567
000194984626000298
000165495426005115
000195917326003762
000123219226000002
000195917326003761
000195917326003764
000196922326000568
000197407826000186
000195917326003772
000195917326003771
000195917326003770
000195917326003769
000195917326003768
000194984626000300
000195917326003767
000196922326000569
000195917326003766
000195917326003765
000195917326003774
000195917326003773
000197407826000187
000196858226000469
000196922326000571
000196922326000573
000196922326000572
000196922326000570
000195917326003775
000195723826000012
000195004726004746
000195917326003779
000195779926000088
000196010526000017
000195004726004745
000195004726004744
000162828026036444
000195004726004743
000195004726004742
000195004726004741
000195917326003778
000195004726004740
000195004726004739
000195917326003777
000192109426000520
000195004726004738
000195004726004737
000192109426000519
000162828026036399
000192109426000518
000192109426000517
000192109426000516
000192109426000515
000195917326003776
000192109426000514
000197407826000188
000195004726004762
000195004726004761
000195004726004760
000195004726004759
000195004726004758
000195004726004757
000195004726004756
000195917326003782
000195004726004755
000195004726004754
000195004726004753
000195004726004752
000195004726004751
000195917326003781
000195004726004750
000195004726004749
000195917326003780
000195004726004748
000195004726004747
000195917326003787
000196794026000015
000195917326003786
000162828026036522
000195917326003785
000195917326003784
000195004726004797
000195004726004796
000195004726004795
000162828026036511
000195004726004794
000195004726004793
000195917326003783
000195004726004792
000195004726004791
000195004726004790
000195004726004789
000195004726004788
000195004726004787
000195004726004786
000195004726004785
000195004726004784
000195004726004783
000195004726004782
000195004726004781
000195004726004780
000195004726004779
000195004726004778
000194984626000301
000195004726004777
000195004726004776
000195004726004775
000195004726004774
000195004726004773
000195004726004772
000195004726004771
000186919426000004
000195004726004770
000195004726004769
000195004726004768
000195004726004767
000195004726004766
000195004726004765
000195004726004764
000195004726004763
000192109426000521
000130891126000002
000195004726004798
000196922326000574
000162828026036528
000119312526230970
000162828026036570
000132140226000010
000135311426000005
000195004726004800
000195824426000293
000195824426000292
000196858226000470
000195004726004802
000195004726004801
000170176426000029
000195824426000295
000195824426000294
000195004726004803
000196922326000575
000204441626000003
000091957426003598
000195824426000296
000195004726004805
000195004726004804
000203414826000002
000208888726000002
000209309526000002
000110465926064029
000167860426000013
000195917326003788
000198718826000004
000197337926000185
000197640826000458
000197640826000459
000195917326003789
000162828026036764
000162828026036762
000162828026036759
000162828026036756
000162828026036754
000162828026036751
000162828026036749
000162828026036747
000195917326003790
000194984626000302
000195917326003797
000195917326003796
000195917326003795
000114036126022174
000195917326003794
000195917326003793
000195917326003792
000195917326003791
000195917326003799
000196922326000576
000194984626000303
000195917326003798
000195004726004806
000195917326003801
000195917326003800
000195917326003811
000162828026036803
000195917326003810
000195917326003809
000195917326003808
000162828026036801
000196010526000018
000195917326003807
000195917326003806
000195917326003805
000195917326003804
000195917326003803
000195917326003802
000195917326003812
000196922326000577
000195917326003818
000195917326003817
000195917326003816
000195917326003815
000165495426005173
000195917326003814
000195917326003813
000195917326003821
000195917326003820
000195917326003819
000195917326003828
000195917326003827
000195004726004809
000195917326003826
000195917326003825
000195917326003824
000195917326003823
000195917326003822
000195917326003833
000195917326003832
000195917326003831
000195917326003830
000195917326003829
000195917326003836
000196922326000578
000195917326003835
000195917326003834
000196922326000579
000195917326003839
000195004726004819
000195004726004818
000192109426000533
000192109426000532
000195917326003838
000192109426000531
000141128226000012
000195004726004817
000192109426000530
000208554126000004
000195004726004816
000195004726004815
000192109426000529
000192109426000528
000195004726004814
000192109426000527
000192109426000526
000192109426000525
000195004726004813
000192109426000524
000192109426000523
000195004726004812
000192109426000522
000195917326003837
000195004726004810
000196430626000255
000196430626000254
000196430626000253
000195004726004826
000196430626000252
000195917326003840
000196430626000251
000031601126000017
000195004726004825
000195004726004824
000195004726004823
000195004726004822
000195004726004821
000195004726004820
000196858226000473
000195917326003841
000195004726004850
000195004726004849
000196858226000472
000195004726004848
000196922326000580
000195004726004847
000195004726004846
000195004726004845
000195004726004844
000195004726004843
000195004726004842
000195004726004841
000195004726004840
000195004726004839
000195004726004838
000195004726004837
000195004726004836
000195004726004835
000195004726004834
000195004726004833
000195004726004832
000195004726004831
000192109426000534
000195004726004830
000197248126000163
000195004726004829
000195004726004828
000195004726004827
000195004726004856
000195004726004855
000195004726004854
000195004726004853
000195004726004852
000195004726004851
000166292626000008
000162828026036956
000175446426000010
000202463026000012
000202423126000008
000211372126000007
000195004726004858
000202416926000010
000111435726000016
000202425026000014
000162828026036962
000195004726004863
000195004726004862
000119312526232863
000195004726004861
000195004726004860
000196858226000475
000195004726004859
000196858226000477
000195004726004866
000123767826000004
000162828026036978
000195004726004865
000195004726004864
000151741326000142
000195004726004869
000196794026000017
000195004726004868
000196794026000016
000195004726004867
000196858226000478
000117891326002867
000195824426000298
000195824426000297
000195004726004871
000195004726004870
000196858226000480
000195824426000302
000195824426000301
000195824426000300
000195004726004872
000195824426000299
000195004726004873
000091957426003626
000121390026059804
000121390026059803
000121390026059802
000121390026059801
000205806726000009
000205804826000007
000205810326000012
000212485526000004
000205803726000004
000205805626000011
000205803826000009
000183733626000035
000202969226000014
000195004726004874
000197640826000464
000197640826000466
000197005126000012
000197005126000011
000197005126000010
000194984626000308
000195917326003844
000195917326003843
000173271726000014
000194984626000306
000194984626000305
000194984626000304
000162828026037083
000195917326003842
000162828026037099
000195917326003846
000195917326003845
000195917326003848
000195917326003847
000195917326003855
000194984626000310
000195917326003854
000196922326000583
000195917326003853
000194984626000309
000195917326003852
000196922326000582
000174041926000007
000196922326000581
000195917326003851
000195917326003850
000195917326003849
000195917326003858
000195917326003857
000195917326003856
000193104826000010
000195917326003863
000195917326003862
000195917326003861
000196922326000584
000195917326003860
000197449426000185
000195917326003859
000195917326003867
000195917326003866
000195917326003865
000195917326003864
000195917326003869
000195917326003868
000195917326003871
000195917326003870
000197337926000186
000195917326003875
000195917326003874
000195917326003873
000195917326003872
000195779926000089
000123156526000004
000162828026037273
000196530126000060
000195004726004888
000194984626000311
000195004726004887
000195004726004886
000195917326003879
000195917326003878
000195004726004885
000195917326003877
000195004726004884
000195917326003876
000195004726004883
000195004726004881
000196922326000585
000195004726004880
000195004726004879
000192109426000535
000195004726004902
000195004726004901
000197248126000164
000196858226000482
000196922326000586
000195917326003883
000195917326003882
000195004726004900
000121390026060076
000195004726004899
000195004726004898
000195004726004897
000195004726004896
000195004726004895
000195004726004894
000197407826000190
000195004726004893
000195004726004892
000195917326003881
000195004726004891
000195917326003880
000195004726004890
000195004726004889
000195917326003886
000195004726004918
000195004726004917
000196794026000018
000195004726004916
000162828026037339
000162828026037335
000195004726004915
000195004726004914
000195004726004913
000195004726004912
000195004726004911
000195917326003885
000195004726004910
000195004726004909
000195004726004908
000195004726004907
000195004726004906
000195004726004905
000195917326003884
000195004726004904
000195004726004903
000195004726004924
000195004726004923
000196858226000484
000195004726004922
000195004726004921
000195004726004920
000195004726004919
000192109426000536
000195004726004929
000195824426000303
000195004726004928
000195004726004927
000195004726004926
000195004726004931
000149315226024867
000195917326003887
000136461826000004
000195004726004930
000195824426000305
000195824426000304
000196922326000588
000196922326000587
000195004726004933
000195004726004932
000195004726004934
000195824426000306
000162828026037437
000091957426003645
000090514826002619
000119312526235244
000119312526235240
000163360326000003
000119312526235235
000119312526235234
000119312526235232
000119312526235231
000119312526235230
000187841526000004
000201421526000010
000199899626000010
000192063426000010
000110465926065348
000199937126011307
000199937126011304
000199937126011303
000197337926000187
000197640826000469
000197640826000470
000212776526000001
000197640826000471
000197640826000473
000197640826000472
000148179226000119
000195917326003888
000195917326003898
000195917326003897
000195917326003896
000195917326003895
000195917326003894
000195917326003893
000195917326003892
000195917326003891
000197337926000188
000195917326003890
000195917326003889
000195917326003899
000074540126000015
000195917326003900
000195917326003901
000195917326003918
000162828026037619
000195917326003917
000195917326003916
000195917326003915
000195917326003914
000195917326003913
000195917326003912
000197337926000189
000195917326003911
000195917326003910
000195917326003909
000195917326003908
000195917326003907
000195917326003906
000195917326003905
000195917326003904
000195917326003903
000195917326003902
000195917326003919
000194984626000312
000195917326003920
000195917326003927
000196922326000589
000195917326003926
000195917326003925
000195917326003924
000031601126000019
000195917326003923
000195917326003922
000195917326003921
000195917326003930
000195917326003929
000195917326003928
000195917326003936
000197249026000009
000195917326003935
000195917326003934
000195917326003933
000195917326003932
000195917326003931
000197449426000187
000195917326003939
000195917326003938
000162828026037674
000195917326003937
000196922326000590
000195917326003941
000195917326003940
000195004726004953
000196858226000485
000195004726004952
000195004726004951
000197248126000166
000195004726004950
000196430626000256
000197248126000165
000197449426000189
000196794026000020
000195004726004949
000195917326003944
000195004726004948
000195917326003943
000195917326003942
000195779926000090
000195004726004947
000195004726004946
000192109426000540
000195004726004945
000195004726004944
000195004726004943
000192109426000539
000195004726004942
000195004726004941
000196922326000593
000194984626000313
000196922326000592
000192109426000538
000196794026000019
000195004726004939
000100027526000051
000196922326000591
000196530126000061
000192109426000537
000195004726004974
000195004726004973
000195004726004972
000195004726004971
000195004726004970
000195004726004969
000195004726004968
000195004726004967
000197407826000191
000195004726004966
000195004726004965
000195004726004964
000195004726004963
000195004726004962
000195004726004961
000195917326003946
000195917326003945
000195004726004960
000195004726004959
000195004726004958
000195004726004957
000195004726004956
000195004726004955
000195004726004954
000195004726005001
000195004726005000
000195004726004999
000195004726004998
000195004726004997
000195004726004995
000195004726004996
000195004726004994
000195004726004993
000195004726004992
000195004726004991
000195004726004990
000195004726004989
000195004726004988
000195004726004987
000195004726004986
000195004726004985
000195004726004984
000195004726004983
000195004726004982
000195004726004981
000195004726004980
000195004726004979
000195004726004978
000195004726004977
000195004726004976
000195004726004975
000162828026037776
000195004726005003
000162828026037770
000162828026037766
000195004726005002
000162828026037798
000195004726005006
000162828026037793
000195824426000311
000195824426000310
000195824426000309
000195824426000308
000195824426000307
000195004726005005
000196794026000021
000195004726005007
000192109426000542
000195004726005010
000195004726005009
000192109426000541
000197118726000002
000195004726005008
000122498326000006
000195824426000314
000195824426000313
000195824426000312
000195004726005011
000181984826000336
000178639126000002
000195004726005012
000185788926000004
000107403426000007
000178672026000002
000195917326003947
000197640826000478
000197640826000477
000197337926000191
000197640826000476
000197337926000190
000197640826000475
000197640826000474
000140982326000004
000195917326003950
000195917326003949
000195917326003948
000195917326003966
000195917326003965
000195917326003964
000195917326003963
000195917326003962
000195917326003961
000195917326003960
000195917326003959
000195917326003958
000194984626000314
000195917326003957
000195917326003956
000195917326003955
000195917326003954
000195917326003953
000195917326003952
000195917326003951
000194984626000315
000195917326003968
000195917326003967
000195917326003969
000195917326003975
000195917326003974
000197337926000192
000091259326000181
000194984626000316
000195917326003973
000195917326003972
000195917326003971
000195917326003970
000162828026037991
000196737026000002
000195917326003978
000195917326003977
000195917326003976
000195917326003982
000195917326003981
000195917326003980
000195917326003979
000195917326003986
000195917326003985
000118651826000012
000195917326003984
000195917326003983
000197407826000192
000195917326003996
000195917326003995
000195917326003994
000195917326003993
000195917326003992
000195917326003991
000195917326003990
000195917326003989
000195432726000035
000195917326003988
000195917326003987
000195917326004000
000195917326003999
000194984626000317
000195917326003998
000197449426000191
000195917326003997
000100027526000052
000195917326004005
000195917326004004
000100027526000053
000195917326004003
000195917326004002
000195917326004001
000197407826000193
000195004726005051
000195004726005050
000195917326004011
000195004726005048
000192109426000547
000195004726005047
000195004726005046
000195004726005045
000195004726005044
000195004726005043
000195917326004010
000195004726005042
000195004726005041
000192109426000546
000195004726005040
000196530126000062
000197337926000195
000195004726005039
000195004726005038
000195004726005037
000195917326004009
000195004726005036
000195004726005035
000192109426000545
000195004726005034
000195004726005033
000194984626000318
000195004726005032
000195004726005031
000192109426000544
000195004726005030
000195917326004008
000195004726005029
000195004726005028
000192109426000543
000195004726005027
000195004726005026
000195004726005025
000195917326004007
000195004726005024
000195917326004006
000195004726005023
000195004726005022
000195004726005021
000195004726005020
000195004726005019
000195004726005018
000162828026038060
000195004726005017
000196922326000594
000195917326004015
000192109426000553
000195004726005067
000195004726005066
000196858226000486
000195004726005065
000192109426000552
000196430626000257
000192109426000551
000195004726005064
000195004726005063
000195004726005062
000195917326004014
000195004726005061
000195004726005060
000195004726005059
000195917326004013
000195004726005058
000192109426000550
000195004726005057
000192109426000549
000195004726005056
000195004726005055
000195004726005054
000195004726005053
000192109426000548
000195004726005052
000195917326004012
000195004726005085
000195004726005084
000195004726005083
000195004726005082
000195004726005081
000195004726005080
000195004726005079
000195004726005078
000195004726005077
000195004726005076
000195004726005075
000195004726005074
000195004726005073
000162828026038160
000195004726005072
000195917326004017
000196430626000258
000195779926000091
000195004726005071
000100027526000054
000195917326004016
000195004726005070
000195004726005069
000195004726005068
000196794026000022
000192109426000554
000195004726005105
000196858226000489
000196858226000487
000195917326004018
000195004726005104
000195004726005103
000195004726005102
000195004726005101
000195004726005100
000195004726005099
000195004726005098
000195004726005097
000195004726005096
000195004726005095
000195004726005094
000195004726005093
000195004726005092
000195004726005091
000195004726005090
000195004726005089
000195004726005088
000197248126000167
000195004726005087
000195004726005086
000195917326004019
000195824426000320
000195824426000319
000195824426000318
000195824426000317
000195824426000316
000195824426000315
000195004726005107
000151741326000158
000195779926000092
000196858226000491
000151741326000156
000151741326000154
000104216726000046
000195004726005108
000123283326000007
000201462026000004
000196858226000494
000195824426000324
000195824426000323
000195004726005110
000195824426000322
000195824426000321
000195004726005109
000195004726005117
000195004726005116
000195004726005115
000195004726005114
000195004726005113
000195004726005112
000196858226000495
000195004726005111
000114036126022883
000195004726005119
000195004726005118
000128045226000009
000196858226000497
000194092826000014
000206723326000006
000195004726005120
000110465926066456
000147622026000022
000213338826000002
000114036126022903
000119312526240094
000095014226001483
000200101126000069
000200101126000068
000200101126000067
000200101126000066
000110465926066464
000119312526239928
000212675526000003
000212675226000003
000206549626000001
000197640826000487
000197407826000198
000124291426000007
000165495426005387
000197407826000197
000197407826000199
000195917326004027
000166326626000003
000195917326004026
000195917326004025
000194984626000319
000166326626000002
000197005126000013
000195917326004024
000195917326004023
000166326626000001
000196530126000063
000195917326004022
000162828026038318
000195917326004021
000195917326004020
000195917326004031
000195917326004030
000195917326004029
000165495426005411
000195917326004028
000195917326004033
000195917326004032
000153826326000060
000194984626000320
000128870926000008
000194984626000323
000166326626000005
000194984626000322
000166326626000004
000194984626000321
000196530126000064
000195779926000093
000195917326004036
000195917326004035
000195917326004034
000166326626000006
000195917326004037
000195917326004040
000195917326004039
000195917326004038
000143774926018489
000195917326004043
000162828026038389
000195917326004042
000195917326004041
000196922326000595
000195917326004048
000195917326004047
000195917326004046
000197449426000193
000162828026038417
000195917326004045
000195917326004044
000166326626000007
000195779926000094
000199545626000001
000174537726000005
000197249026000010
000195917326004052
000195917326004051
000195917326004050
000195917326004049
000197372726000023
000197005126000014
000195004726005139
000195917326004060
000195004726005138
000196922326000598
000195004726005137
000195004726005136
000195004726005135
000195004726005134
000195004726005133
000195004726005132
000195004726005131
000195004726005130
000192109426000562
000195004726005129
000195004726005128
000195004726005127
000195917326004059
000192109426000561
000195004726005126
000192109426000560
000195004726005125
000192109426000559
000192109426000558
000192109426000557
000196922326000597
000196922326000596
000192109426000556
000195917326004058
000192109426000555
000162828026038443
000195917326004057
000001179026000010
000195917326004056
000195917326004055
000195917326004054
000195917326004053
000197407826000201
000195004726005152
000197407826000200
000195917326004064
000196858226000500
000195004726005151
000195004726005150
000195004726005149
000195004726005148
000162828026038488
000195004726005147
000195004726005146
000196922326000599
000195004726005145
000195004726005144
000195917326004063
000195004726005143
000195004726005142
000195779926000095
000195917326004062
000195004726005141
000195004726005140
000196858226000499
000195917326004061
000091957426003713
000195004726005170
000195917326004069
000195004726005169
000195917326004068
000197415826000070
000195004726005168
000195004726005167
000195824426000329
000195824426000328
000195824426000327
000195824426000326
000195824426000325
000196858226000502
000195004726005166
000195004726005165
000162828026038512
000196922326000600
000195917326004067
000195004726005164
000195004726005163
000195004726005162
000195004726005161
000195917326004066
000195004726005160
000195004726005159
000158979126000009
000195004726005158
000195004726005157
000195004726005156
000195004726005155
000195917326004065
000195004726005154
000195004726005153
000194984626000324
000195917326004070
000195824426000330
000195004726005174
000195004726005173
000100027526000055
000195004726005172
000195004726005175
000197248126000168
000162828026038551
000197248126000169
000135311426000006
000165495426005440
000213513526000002
000197248126000170
000195004726005176
000213513726000002
000197248126000172
000197248126000171
000197248126000173
000197248126000175
000197248126000174
000110465926067092
000197248126000176
000149315226025490
000180775926000012
000140502626000035
000172196226000011
000196780826000019
000180473526000021
000149315226025488
000184247026000018
000202969226000018
000178932426000001
000197407826000202
000110465926067155
000197640826000489
000197337926000196
000120051226000010
000143774926018676
000197309726000015
000195917326004082
000195917326004081
000182372026000010
000195917326004080
000182372026000009
000195917326004079
000195917326004078
000195917326004077
000195917326004076
000195917326004075
000195917326004074
000195917326004073
000195917326004072
000195917326004071
000195917326004083
000195917326004086
000195917326004085
000195917326004084
000196858226000503
000195917326004090
000162828026038672
000162828026038669
000195917326004089
000195917326004088
000195917326004087
000195004726005178
000162828026038700
000195917326004092
000195917326004091
000195917326004095
000195917326004094
000094962326000008
000195917326004093
000197337926000197
000194984626000326
000197337926000205
000197337926000204
000162828026038736
000197337926000203
000197337926000202
000197337926000201
000195722526000001
000197337926000200
000031601126000021
000197337926000199
000197337926000198
000194984626000325
000195917326004096
000202905926000004
000162828026038745
000197337926000206
000195917326004098
000178023626000003
000195917326004097
000195779926000096
000195004726005200
000162828026038819
000195004726005199
000195004726005198
000195004726005197
000195917326004105
000195004726005196
000195004726005195
000195004726005194
000195004726005193
000195004726005192
000100027526000057
000195917326004104
000195917326004103
000195004726005191
000195004726005190
000195004726005189
000195917326004102
000195004726005188
000195004726005186
000195004726005185
000195004726005184
000195004726005183
000192109426000566
000192109426000565
000195004726005181
000192109426000564
000192109426000563
000139564326000012
000195917326004101
000195917326004100
000195917326004099
000197407826000204
000100027526000056
000195917326004111
000196794026000023
000195004726005213
000195004726005212
000192109426000568
000195917326004110
000192109426000567
000162828026038844
000195004726005211
000195917326004109
000195004726005210
000195004726005209
000195004726005208
000195917326004108
000195004726005207
000195004726005206
000194984626000327
000195004726005205
000195004726005204
000195004726005203
000195004726005202
000195917326004107
000195917326004106
000195004726005201
000195004726005242
000195004726005241
000195917326004112
000195004726005240
000195004726005239
000195004726005238
000195004726005237
000195004726005236
000195004726005235
000195004726005234
000195004726005233
000195004726005232
000195004726005231
000195004726005230
000195004726005229
000195004726005228
000195004726005227
000195004726005226
000118439126000002
000195004726005225
000194984626000328
000195004726005224
000195004726005223
000195004726005222
000195004726005221
000195004726005220
000195004726005219
000195004726005218
000195004726005217
000162828026038858
000195004726005216
000204352026000002
000195004726005215
000195004726005214
000162828026038855
000196922326000601
000195004726005245
000196922326000603
000195917326004113
000196922326000602
000195004726005244
000195004726005243
000195824426000331
000195004726005250
000162828026038904
000195004726005249
000195004726005248
000162828026038896
000162828026038895
000162828026038893
000162828026038892
000162828026038891
000162828026038889
000195004726005246
000196922326000604
000195004726005251
000195004726005252
000195004726005254
000195004726005253
000195004726005257
000194092826000018
000195004726005256
000195004726005255
000195004726005259
000147622026000028
000206723326000010
000195004726005258
000213513726000003
000135311426000007
000109690626000875
000213513526000003
000149315226025688
000110465926067758
000165495426005490
000165495426005488
000119312526245847
000092189526001491
000101297526000489
000197337926000207
000197337926000208
000197640826000499
000197640826000500
000197640826000503
000197640826000501
000197407826000205
000197407826000206
000194984626000329
000195917326004115
000195917326004114
000195917326004122
000197449426000196
000195917326004121
000195917326004120
000194984626000330
000195917326004119
000195917326004118
000195917326004117
000195917326004116
000195917326004123
000100027526000058
000195917326004124
000199652726000006
000195917326004130
000197309726000016
000196530126000065
000195917326004129
000195917326004128
000195917326004127
000195917326004126
000195917326004125
000195917326004131
000119312526247142
000195917326004132
000197337926000209
000195917326004142
000192858426000002
000100027526000059
000195917326004141
000195917326004140
000195917326004139
000195917326004138
000195917326004137
000195917326004136
000195917326004135
000195917326004134
000195917326004133
000195917326004145
000195917326004144
000195917326004143
000010747626000005
000197407826000207
000195004726005276
000195917326004149
000195917326004148
000195004726005275
000196922326000606
000195004726005273
000195004726005272
000195917326004147
000192109426000572
000195004726005271
000195004726005270
000195004726005269
000196922326000605
000195004726005268
000195004726005267
000195004726005266
000192109426000571
000196858226000507
000192109426000570
000192109426000569
000168316826004384
000195004726005265
000195004726005264
000195004726005263
000107997326000749
000195917326004146
000162828026039130
000195004726005310
000195917326004152
000195004726005309
000195004726005308
000195004726005307
000195004726005306
000195004726005305
000195004726005304
000195004726005303
000195004726005302
000195004726005301
000195004726005300
000196858226000509
000195004726005299
000195004726005298
000195004726005297
000195004726005296
000195004726005295
000195004726005294
000195004726005293
000195004726005292
000195004726005291
000195004726005290
000192109426000573
000195004726005289
000195004726005288
000195004726005287
000195004726005286
000195004726005285
000195004726005284
000195004726005283
000195004726005282
000100027526000060
000195004726005281
000195004726005280
000195004726005279
000195004726005278
000195917326004151
000195917326004150
000195004726005277
000195004726005313
000195004726005312
000195917326004154
000195824426000333
000195004726005311
000169929326000003
000129808826000015
000195917326004153
000195004726005320
000196858226000510
000195004726005319
000195917326004157
000195004726005318
000195004726005317
000195917326004156
000195004726005316
000100027526000061
000196922326000607
000195824426000334
000195004726005315
000165066426000052
000195917326004155
000195004726005314
000200101126000078
000209099926000005
000195824426000335
000195004726005324
000195004726005323
000196794026000025
000195004726005322
000195779926000097
000119312526248737
000196794026000024
000195004726005325
000196858226000511
000195004726005326
000118439126000004
000131586326000446
000195004726005327
000119312526248994
000213513526000004
000213513726000004
000213514726000001
000195004726005328
000094787126000586
000092189526001506
000119312526249245
000197640826000510
000197640826000509
000197640826000513
000197640826000512
000197640826000511
000197640826000515
000197640826000514
000211623326000006
000165495426005567
000211623826000011
000195917326004158
000195917326004166
000195917326004165
000195917326004164
000119312526250281
000195917326004163
000195917326004162
000195917326004161
000194984626000332
000195917326004160
000194984626000331
000195917326004159
000195917326004170
000195917326004169
000195917326004168
000195917326004167
000195917326004172
000195917326004171
000197325126000018
000195917326004176
000197005126000015
000195917326004175
000197636326000015
000195917326004174
000195917326004173
000194984626000334
000199147926000003
000195779926000098
000094787126000589
000195917326004186
000195917326004185
000195917326004184
000197636326000017
000195917326004183
000195917326004182
000195917326004181
000197636326000016
000195917326004180
000195917326004179
000195917326004178
000194984626000333
000195917326004177
000195917326004187
000197640826000519
000195917326004188
000197640826000520
000195917326004198
000197337926000211
000195917326004197
000195917326004196
000195779926000099
000195917326004195
000141139326000001
000197337926000210
000195917326004194
000195917326004193
000196922326000609
000195917326004192
000195917326004191
000195917326004190
000166985026000006
000196922326000608
000195917326004189
000197640826000521
000195917326004202
000195917326004201
000195917326004200
000195917326004199
000162828026039430
000195917326004207
000195917326004206
000195917326004205
000124417226000005
000195917326004204
000195917326004203
000197449426000206
000195917326004212
000197449426000204
000195917326004211
000205200226000001
000197449426000202
000197449426000200
000197449426000198
000195917326004210
000195917326004209
000195917326004208
000197449426000213
000195917326004218
000194984626000335
000195917326004217
000195917326004216
000195917326004215
000195917326004214
000195917326004213
000110465926068926
000195004726005364
000195004726005363
000195004726005362
000195004726005361
000195004726005360
000162828026039501
000195004726005359
000192109426000582
000195004726005358
000195004726005357
000162828026039499
000195004726005356
000195004726005355
000195917326004219
000195004726005354
000192109426000581
000195004726005353
000195004726005352
000195004726005351
000192109426000580
000195004726005350
000195004726005349
000192109426000579
000162828026039481
000162828026039480
000192109426000578
000110465926068913
000195004726005348
000192109426000577
000195004726005347
000195004726005346
000192109426000576
000195004726005345
000195004726005344
000195004726005343
000195004726005342
000192109426000575
000195004726005341
000197337926000214
000195004726005340
000076490026000025
000195004726005339
000195004726005338
000192109426000574
000195004726005337
000195004726005336
000110465926068896
000195004726005335
000195004726005333
000196430626000260
000195004726005405
000196530126000066
000195004726005404
000195004726005403
000195917326004224
000195004726005402
000195004726005401
000196430626000259
000196922326000620
000195004726005400
000195004726005399
000195004726005398
000195004726005397
000196922326000619
000196922326000618
000195004726005396
000195004726005395
000195004726005394
000195004726005393
000196922326000617
000195004726005392
000195004726005391
000196922326000616
000195004726005389
000195004726005390
000195004726005388
000195004726005387
000195004726005386
000195004726005385
000195004726005384
000195004726005383
000195004726005382
000195004726005381
000162828026039517
000195004726005380
000195004726005379
000195004726005378
000162828026039515
000195004726005377
000195004726005376
000195004726005375
000195004726005374
000195004726005373
000197407826000208
000195004726005372
000195004726005371
000195004726005370
000143774926019046
000195004726005369
000195004726005426
000196794026000026
000195917326004228
000195004726005425
000195004726005424
000195004726005423
000195004726005422
000195004726005421
000195004726005420
000195004726005419
000195004726005418
000197407826000209
000195917326004227
000195004726005417
000195004726005416
000195004726005415
000195917326004226
000195004726005414
000196430626000261
000195004726005413
000195004726005411
000195004726005410
000195004726005409
000195004726005408
000100027526000062
000195004726005407
000195917326004225
000195004726005406
000195779926000100
000195004726005442
000195004726005441
000195004726005440
000195004726005439
000195917326004230
000197407826000210
000195004726005438
000195004726005437
000195004726005436
000195004726005435
000195004726005434
000195004726005433
000195917326004229
000195004726005432
000195004726005431
000195004726005430
000162828026039558
000195004726005429
000195004726005428
000195004726005427
000209099926000006
000195004726005446
000195004726005445
000195004726005444
000119312526251710
000119312526251705
000181832026000002
000196858226000514
000162828026039598
000162828026039596
000195004726005447
000192145226000002
000195004726005451
000195824426000340
000195824426000339
000195824426000338
000195824426000337
000195824426000336
000195004726005450
000162828026039616
000162828026039615
000195004726005449
000162828026039614
000209550726000001
000162828026039611
000162828026039610
000195004726005448
000195004726005456
000197248126000177
000195004726005455
000195004726005454
000195004726005453
000196858226000515
000195004726005452
000195004726005459
000195004726005458
000195004726005457
000141038426000040
000119312526251980
000119312526251979
000121390026063656
000119312526251981
000119312526252016
000119312526252007
000119312526252005
000119312526252003
000119312526251999
000092189526001520
000147793226003567
000119312526252160
000119312526252157
000119312526252156
000119312526252149
000119312526252139
000119312526252130
000168316826004433
000168316826004432
000168316826004431
000197337926000215
000197640826000522
000197640826000524
000197640826000523
000197640826000525
000197640826000526
000197640826000528
000195432726000039
000197640826000529
000197640826000531
000197640826000530
000197640826000533
000197640826000532
000197640826000534
000196530126000067
000197640826000535
000195917326004238
000194984626000337
000195917326004237
000195917326004236
000195917326004235
000197337926000216
000195917326004234
000195917326004233
000195917326004232
000194984626000336
000195917326004231
000195917326004241
000194984626000338
000195917326004240
000195917326004239
000162828026039705
000195917326004245
000195917326004244
000195917326004243
000195917326004242
000195917326004249
000195917326004248
000195917326004247
000195917326004246
000195917326004253
000195917326004252
000197337926000217
000195917326004251
000195917326004250
000194984626000339
000119312526252830
000197640826000537
000195917326004254
000149758226000015
000195917326004259
000197337926000218
000210664026000009
000195917326004258
000162828026039748
000197449426000222
000195917326004257
000197325126000019
000176703426000002
000196922326000621
000195917326004256
000194984626000340
000115948726000005
000195917326004255
000195917326004263
000195917326004262
000195917326004261
000195917326004260
000195917326004266
000195779926000101
000195917326004265
000195917326004264
000076490026000026
000100027526000063
000196917126000003
000162828026039802
000192109426000588
000195004726005481
000192109426000587
000195004726005479
000195004726005478
000192109426000586
000162828026039798
000192109426000585
000196922326000622
000195917326004267
000192109426000584
000195004726005477
000195004726005476
000195004726005475
000195004726005474
000195004726005473
000195004726005472
000195004726005471
000195004726005470
000195004726005469
000195004726005468
000195004726005467
000195004726005466
000119312526253469
000119312526253471
000119312526253450
000119312526253453
000195004726005465
000197248126000178
000195004726005464
000195004726005463
000195004726005488
000196430626000264
000195917326004270
000195004726005487
000196430626000263
000196430626000262
000195004726005486
000162828026039808
000106299326002993
000196922326000624
000195917326004269
000196922326000623
000192109426000594
000195004726005485
000195004726005484
000192109426000593
000205711526000006
000192109426000592
000195917326004268
000192109426000591
000195004726005483
000195004726005482
000192109426000590
000162828026039804
000192109426000589
000162828026039803
000156155026000157
000156155026000155
000195004726005516
000195004726005515
000195917326004272
000195917326004271
000195004726005514
000100027526000064
000195004726005513
000195004726005512
000195004726005511
000195004726005510
000195004726005509
000195004726005508
000195004726005507
000195004726005506
000195004726005505
000195004726005504
000195004726005503
000195004726005502
000195004726005501
000195004726005500
000195004726005499
000197407826000211
000195004726005498
000195004726005497
000195004726005496
000195004726005495
000195004726005494
000195004726005493
000195004726005492
000195004726005491
000196430626000265
000195004726005490
000195004726005489
000196858226000517
000195917326004279
000195917326004278
000195917326004277
000196858226000516
000195004726005523
000195004726005522
000195004726005521
000195004726005520
000195004726005519
000195004726005518
000156155026000169
000195004726005517
000156155026000167
000195917326004276
000162828026039825
000156155026000165
000197407826000212
000195917326004275
000156155026000163
000156155026000161
000195917326004274
000156155026000159
000195917326004273
000195004726005527
000196794026000027
000196858226000521
000195004726005526
000164795526000004
000195917326004281
000196858226000520
000195004726005525
000148939626000003
000195917326004280
000162828026039850
000196858226000518
000197372726000024
000197407826000215
000195004726005528
000197407826000214
000195917326004282
000181984826000344
000181984826000343
000195004726005530
000197372726000025
000195824426000343
000195824426000342
000195824426000341
000162828026039944
000195004726005529
000195004726005533
000206016626000010
000164563526000019
000195004726005532
000195004726005531
000195004726005535
000164563526000021
000206923926000004
000195004726005534
000164563526000020
000195004726005536
000196858226000523
000162828026040006
000162828026040004
000162828026040003
000141139326000002
000135311426000008
000119312526254252
000119312526254251
000095015726000673
000092189526001540
000165495426005645
000119312526254197
000119312526254192
000119312526254189
000119312526254188
000121390026064362
000119312526254183
000181971826000005
000165495426005637
000095010326008427
000162828026040033
000197640826000543
000197640826000544
000194984626000342
000213513726000005
000195917326004292
000195917326004291
000213514726000002
000195917326004290
000195917326004289
000195917326004288
000195917326004287
000201192926000007
000195917326004286
000195917326004285
000196922326000625
000195917326004284
000194984626000341
000195917326004283
000213513526000005
000195917326004293
000195779926000102
000195917326004295
000213514726000003
000195917326004294
000165495426005663
000165495426005661
000213513526000006
000194984626000343
000213513726000006
000195917326004296
000196922326000626
000195917326004297
000195917326004299
000195917326004298
000194984626000344
000213513526000007
000195917326004300
000213513726000007
000094787126000610
000195917326004305
000195917326004304
000195917326004303
000195917326004302
000195917326004301
000195917326004307
000195917326004306
000162828026040171
000195917326004309
000195917326004308
000162828026040189
000197325126000020
000195917326004310
000196794026000028
000197337926000220
000197337926000219
000100027526000065
000195917326004313
000195917326004312
000197372726000026
000162828026040199
000162828026040198
000195917326004311
000195917326004316
000139707626000008
000001179026000011
000162828026040244
000195917326004315
000195004726005551
000192109426000597
000195004726005550
000195004726005549
000192109426000596
000195004726005548
000192109426000595
000195004726005547
000195004726005546
000195004726005545
000196922326000629
000197325126000021
000196530126000068
000195004726005544
000195004726005543
000195004726005542
000195917326004314
000209550726000002
000196922326000627
000195004726005541
000195004726005540
000197337926000221
000195004726005581
000195004726005580
000195004726005579
000195004726005578
000196922326000631
000195004726005577
000195004726005576
000162828026040361
000195004726005575
000195004726005574
000195004726005573
000195004726005572
000195004726005571
000195004726005570
000195004726005569
000195004726005568
000195004726005567
000192109426000598
000195004726005566
000195004726005564
000195004726005565
000195004726005563
000195004726005562
000195004726005561
000195004726005560
000162828026040309
000195004726005559
000195004726005558
000195004726005557
000196858226000524
000195004726005556
000195917326004319
000197248126000179
000195004726005555
000195917326004318
000162828026040276
000195917326004317
000195004726005554
000195004726005553
000162828026040259
000196922326000630
000124311626000001
000196922326000633
000162828026040442
000195004726005595
000195004726005594
000195004726005593
000195004726005592
000195917326004321
000162828026040401
000196922326000632
000195004726005591
000162828026040399
000197309726000017
000195917326004320
000195004726005590
000195004726005589
000195004726005588
000195004726005587
000195004726005586
000195004726005585
000195004726005584
000195004726005583
000195004726005582
000195004726005597
000137916026000032
000195917326004322
000196430626000267
000196430626000266
000195004726005596
000195004726005600
000195004726005598
000162828026040501
000206377526000006
000184687726000008
000208034026000008
000194097426000007
000188676226000009
000200093226000006
000195824426000345
000195824426000344
000168316826004505
000204859326000005
000195004726005602
000115948726000006
000195004726005601
000196858226000525
000204850026000008
000204858826000007
000204849726000006
000205138426000005
000119312526255946
000100027526000067
000100027526000069
000100027526000068
000119312526255956
000162828026040564
000174242826000001
000119312526256201
000119312526256195
000119312526256185
000119312526256166
000119312526256159
000165495426005678
000197640826000546
000195917326004323
000195917326004330
000195917326004329
000195917326004328
000195917326004327
000195917326004326
000195917326004325
000195917326004324
000194984626000345
000195917326004335
000195917326004334
000195917326004333
000194984626000346
000195917326004332
000195917326004331
000195917326004336
000195917326004338
000195917326004337
000195012926000004
000195917326004339
000196922326000634
000195917326004341
000195917326004340
000197407826000216
000195917326004346
000195917326004345
000195917326004344
000195917326004343
000197005126000016
000173090426000002
000140982326000006
000162828026040713
000201410226000001
000196530126000069
000162828026040712
000195917326004342
000195917326004348
000195917326004347
000195917326004356
000195917326004355
000195917326004354
000195917326004353
000195917326004352
000195917326004351
000195917326004350
000195917326004349
000195917326004358
000197449426000223
000197407826000217
000195917326004357
